
--
-- Data for Name: address; Type: TABLE DATA; Schema: public; Owner: postgres
--

INSERT INTO public.address (id, city, street, country, phone_number, house_number, postal_code) VALUES (1, 'Gomel', 'Mazurova St', 'Belarus', '836815782', '61', '48625');
INSERT INTO public.address (id, city, street, country, phone_number, house_number, postal_code) VALUES (2, 'Gomel', 'Sovetskaya St', 'Belarus', '561394927', '3', '11287');
INSERT INTO public.address (id, city, street, country, phone_number, house_number, postal_code) VALUES (3, 'Gomel', 'Sovetskaya St', 'Belarus', '226593592', '39', '78924');
INSERT INTO public.address (id, city, street, country, phone_number, house_number, postal_code) VALUES (4, 'Gomel', 'Barykina St', 'Belarus', '804100887', '54', '26162');
INSERT INTO public.address (id, city, street, country, phone_number, house_number, postal_code) VALUES (5, 'Gomel', 'Barykina St', 'Belarus', '313113436', '17', '39457');
INSERT INTO public.address (id, city, street, country, phone_number, house_number, postal_code) VALUES (6, 'Gomel', 'Lenina Ave', 'Belarus', '993187155', '106', '59554');
INSERT INTO public.address (id, city, street, country, phone_number, house_number, postal_code) VALUES (7, 'Gomel', 'Sovetskaya St', 'Belarus', '395970894', '143', '67377');
INSERT INTO public.address (id, city, street, country, phone_number, house_number, postal_code) VALUES (8, 'Gomel', 'Mazurova St', 'Belarus', '334533775', '16', '0214');
INSERT INTO public.address (id, city, street, country, phone_number, house_number, postal_code) VALUES (9, 'Gomel', 'Lenina Ave', 'Belarus', '226646062', '132', '84876');
INSERT INTO public.address (id, city, street, country, phone_number, house_number, postal_code) VALUES (10, 'Gomel', 'Sovetskaya St', 'Belarus', '772274586', '126', '02780');
INSERT INTO public.address (id, city, street, country, phone_number, house_number, postal_code) VALUES (11, 'Gomel', 'Mazurova St', 'Belarus', '942225263', '148', '31272');
INSERT INTO public.address (id, city, street, country, phone_number, house_number, postal_code) VALUES (12, 'Gomel', 'Barykina St', 'Belarus', '812006287', '131', '74694');
INSERT INTO public.address (id, city, street, country, phone_number, house_number, postal_code) VALUES (13, 'Gomel', 'Sovetskaya St', 'Belarus', '815501456', '62', '21955');
INSERT INTO public.address (id, city, street, country, phone_number, house_number, postal_code) VALUES (14, 'Gomel', 'Lenina Ave', 'Belarus', '234563487', '69', '78282');
INSERT INTO public.address (id, city, street, country, phone_number, house_number, postal_code) VALUES (15, 'Gomel', 'Barykina St', 'Belarus', '467420415', '44', '41942');
INSERT INTO public.address (id, city, street, country, phone_number, house_number, postal_code) VALUES (16, 'Gomel', 'Sovetskaya St', 'Belarus', '117382748', '127', '75794');
INSERT INTO public.address (id, city, street, country, phone_number, house_number, postal_code) VALUES (17, 'Minsk', 'Pobediteley Ave', 'Belarus', '561080164', '128', '76474');
INSERT INTO public.address (id, city, street, country, phone_number, house_number, postal_code) VALUES (18, 'Minsk', 'Pobediteley Ave', 'Belarus', '584769739', '45', '02144');
INSERT INTO public.address (id, city, street, country, phone_number, house_number, postal_code) VALUES (19, 'Minsk', 'Pobediteley Ave', 'Belarus', '468899696', '43', '74274');
INSERT INTO public.address (id, city, street, country, phone_number, house_number, postal_code) VALUES (20, 'Minsk', 'Lenina St', 'Belarus', '764180446', '117', '75474');
INSERT INTO public.address (id, city, street, country, phone_number, house_number, postal_code) VALUES (21, 'Minsk', 'Lenina St', 'Belarus', '967777569', '119', '34213');
INSERT INTO public.address (id, city, street, country, phone_number, house_number, postal_code) VALUES (22, 'Minsk', 'Surganova St', 'Belarus', '560201059', '29', '8709');
INSERT INTO public.address (id, city, street, country, phone_number, house_number, postal_code) VALUES (23, 'Minsk', 'Surganova St', 'Belarus', '197268805', '126', '21730');
INSERT INTO public.address (id, city, street, country, phone_number, house_number, postal_code) VALUES (24, 'Minsk', 'Pobediteley Ave', 'Belarus', '342622435', '28', '37338');
INSERT INTO public.address (id, city, street, country, phone_number, house_number, postal_code) VALUES (25, 'Minsk', 'Nezavisimosti Ave', 'Belarus', '891716672', '126', '62682');
INSERT INTO public.address (id, city, street, country, phone_number, house_number, postal_code) VALUES (26, 'Minsk', 'Pobediteley Ave', 'Belarus', '470688281', '128', '21378');
INSERT INTO public.address (id, city, street, country, phone_number, house_number, postal_code) VALUES (27, 'Minsk', 'Surganova St', 'Belarus', '989493180', '114', '42831');
INSERT INTO public.address (id, city, street, country, phone_number, house_number, postal_code) VALUES (28, 'Minsk', 'Pobediteley Ave', 'Belarus', '321882487', '90', '68922');
INSERT INTO public.address (id, city, street, country, phone_number, house_number, postal_code) VALUES (29, 'Minsk', 'Lenina St', 'Belarus', '225604451', '124', '21311');
INSERT INTO public.address (id, city, street, country, phone_number, house_number, postal_code) VALUES (30, 'Minsk', 'Pobediteley Ave', 'Belarus', '357544597', '68', '57763');
INSERT INTO public.address (id, city, street, country, phone_number, house_number, postal_code) VALUES (31, 'Minsk', 'Pobediteley Ave', 'Belarus', '121498954', '63', '33281');
INSERT INTO public.address (id, city, street, country, phone_number, house_number, postal_code) VALUES (32, 'Minsk', 'Surganova St', 'Belarus', '420325855', '46', '06889');
INSERT INTO public.address (id, city, street, country, phone_number, house_number, postal_code) VALUES (33, 'Kaunas', 'Vilniaus g.', 'Lithuania', '740801408', '94', '35772');
INSERT INTO public.address (id, city, street, country, phone_number, house_number, postal_code) VALUES (34, 'Kaunas', 'Vilniaus g.', 'Lithuania', '339526105', '141', '06011');
INSERT INTO public.address (id, city, street, country, phone_number, house_number, postal_code) VALUES (35, 'Kaunas', 'Savanorių pr.', 'Lithuania', '735582237', '79', '64866');
INSERT INTO public.address (id, city, street, country, phone_number, house_number, postal_code) VALUES (36, 'Kaunas', 'Vilniaus g.', 'Lithuania', '932421620', '126', '36452');
INSERT INTO public.address (id, city, street, country, phone_number, house_number, postal_code) VALUES (37, 'Kaunas', 'Karaliaus Mindaugo pr.', 'Lithuania', '154438304', '66', '69474');
INSERT INTO public.address (id, city, street, country, phone_number, house_number, postal_code) VALUES (38, 'Kaunas', 'Savanorių pr.', 'Lithuania', '644889785', '108', '0346');
INSERT INTO public.address (id, city, street, country, phone_number, house_number, postal_code) VALUES (39, 'Kaunas', 'Karaliaus Mindaugo pr.', 'Lithuania', '140339572', '74', '66334');
INSERT INTO public.address (id, city, street, country, phone_number, house_number, postal_code) VALUES (40, 'Kaunas', 'Laisvės al.', 'Lithuania', '559166458', '121', '33746');
INSERT INTO public.address (id, city, street, country, phone_number, house_number, postal_code) VALUES (41, 'Kaunas', 'Vytauto pr.', 'Lithuania', '335087971', '120', '78529');
INSERT INTO public.address (id, city, street, country, phone_number, house_number, postal_code) VALUES (42, 'Kaunas', 'Karaliaus Mindaugo pr.', 'Lithuania', '986946369', '127', '29782');
INSERT INTO public.address (id, city, street, country, phone_number, house_number, postal_code) VALUES (43, 'Kaunas', 'Laisvės al.', 'Lithuania', '832981613', '147', '47447');
INSERT INTO public.address (id, city, street, country, phone_number, house_number, postal_code) VALUES (44, 'Kaunas', 'Vilniaus g.', 'Lithuania', '917175841', '107', '19033');
INSERT INTO public.address (id, city, street, country, phone_number, house_number, postal_code) VALUES (45, 'Kaunas', 'Savanorių pr.', 'Lithuania', '413051382', '65', '66253');
INSERT INTO public.address (id, city, street, country, phone_number, house_number, postal_code) VALUES (46, 'Kaunas', 'Vilniaus g.', 'Lithuania', '587228131', '140', '81031');
INSERT INTO public.address (id, city, street, country, phone_number, house_number, postal_code) VALUES (47, 'Kaunas', 'Laisvės al.', 'Lithuania', '223369610', '136', '0344');
INSERT INTO public.address (id, city, street, country, phone_number, house_number, postal_code) VALUES (48, 'Kaunas', 'Karaliaus Mindaugo pr.', 'Lithuania', '311531662', '96', '24660');
INSERT INTO public.address (id, city, street, country, phone_number, house_number, postal_code) VALUES (49, 'Vilnius', 'Konstitucijos pr.', 'Lithuania', '123967636', '107', '33913');
INSERT INTO public.address (id, city, street, country, phone_number, house_number, postal_code) VALUES (50, 'Vilnius', 'Vilniaus g.', 'Lithuania', '873234108', '132', '5849');
INSERT INTO public.address (id, city, street, country, phone_number, house_number, postal_code) VALUES (51, 'Vilnius', 'Vilniaus g.', 'Lithuania', '124474489', '66', '7763');
INSERT INTO public.address (id, city, street, country, phone_number, house_number, postal_code) VALUES (52, 'Vilnius', 'Konstitucijos pr.', 'Lithuania', '335631103', '79', '27036');
INSERT INTO public.address (id, city, street, country, phone_number, house_number, postal_code) VALUES (53, 'Vilnius', 'Vilniaus g.', 'Lithuania', '577897583', '34', '0976');
INSERT INTO public.address (id, city, street, country, phone_number, house_number, postal_code) VALUES (54, 'Vilnius', 'Konstitucijos pr.', 'Lithuania', '662759290', '149', '87010');
INSERT INTO public.address (id, city, street, country, phone_number, house_number, postal_code) VALUES (55, 'Vilnius', 'Gedimino pr.', 'Lithuania', '910149891', '100', '88476');
INSERT INTO public.address (id, city, street, country, phone_number, house_number, postal_code) VALUES (56, 'Vilnius', 'Jogailos g.', 'Lithuania', '580855261', '75', '07455');
INSERT INTO public.address (id, city, street, country, phone_number, house_number, postal_code) VALUES (57, 'Vilnius', 'Konstitucijos pr.', 'Lithuania', '731754325', '20', '08823');
INSERT INTO public.address (id, city, street, country, phone_number, house_number, postal_code) VALUES (58, 'Vilnius', 'Konstitucijos pr.', 'Lithuania', '964390688', '108', '22159');
INSERT INTO public.address (id, city, street, country, phone_number, house_number, postal_code) VALUES (59, 'Vilnius', 'Konstitucijos pr.', 'Lithuania', '426117937', '64', '77788');
INSERT INTO public.address (id, city, street, country, phone_number, house_number, postal_code) VALUES (60, 'Vilnius', 'Gedimino pr.', 'Lithuania', '939777770', '57', '69066');
INSERT INTO public.address (id, city, street, country, phone_number, house_number, postal_code) VALUES (61, 'Vilnius', 'Vilniaus g.', 'Lithuania', '605399179', '9', '34119');
INSERT INTO public.address (id, city, street, country, phone_number, house_number, postal_code) VALUES (62, 'Vilnius', 'Gedimino pr.', 'Lithuania', '657805303', '116', '11359');
INSERT INTO public.address (id, city, street, country, phone_number, house_number, postal_code) VALUES (63, 'Vilnius', 'Konstitucijos pr.', 'Lithuania', '178425703', '142', '5193');
INSERT INTO public.address (id, city, street, country, phone_number, house_number, postal_code) VALUES (64, 'Vilnius', 'Pilies g.', 'Lithuania', '781424172', '81', '17921');
INSERT INTO public.address (id, city, street, country, phone_number, house_number, postal_code) VALUES (65, 'Chisinau', 'Alba Iulia St', 'Moldova', '116578424', '110', '21567');
INSERT INTO public.address (id, city, street, country, phone_number, house_number, postal_code) VALUES (66, 'Chisinau', 'Mihai Eminescu St', 'Moldova', '213498992', '54', '4471');
INSERT INTO public.address (id, city, street, country, phone_number, house_number, postal_code) VALUES (67, 'Chisinau', 'Alba Iulia St', 'Moldova', '795006950', '79', '81155');
INSERT INTO public.address (id, city, street, country, phone_number, house_number, postal_code) VALUES (68, 'Chisinau', 'Alba Iulia St', 'Moldova', '212774182', '144', '24311');
INSERT INTO public.address (id, city, street, country, phone_number, house_number, postal_code) VALUES (69, 'Chisinau', 'Ciocana St', 'Moldova', '908783878', '28', '22997');
INSERT INTO public.address (id, city, street, country, phone_number, house_number, postal_code) VALUES (70, 'Chisinau', 'Mihai Eminescu St', 'Moldova', '961443165', '61', '15745');
INSERT INTO public.address (id, city, street, country, phone_number, house_number, postal_code) VALUES (71, 'Chisinau', 'Alba Iulia St', 'Moldova', '721615341', '67', '78793');
INSERT INTO public.address (id, city, street, country, phone_number, house_number, postal_code) VALUES (72, 'Chisinau', 'Ciocana St', 'Moldova', '285811977', '78', '57438');
INSERT INTO public.address (id, city, street, country, phone_number, house_number, postal_code) VALUES (73, 'Chisinau', 'Alba Iulia St', 'Moldova', '949679046', '83', '34316');
INSERT INTO public.address (id, city, street, country, phone_number, house_number, postal_code) VALUES (74, 'Chisinau', 'Mihai Eminescu St', 'Moldova', '488020568', '37', '18297');
INSERT INTO public.address (id, city, street, country, phone_number, house_number, postal_code) VALUES (75, 'Chisinau', 'Mihai Eminescu St', 'Moldova', '890963528', '8', '15215');
INSERT INTO public.address (id, city, street, country, phone_number, house_number, postal_code) VALUES (76, 'Chisinau', 'Ciocana St', 'Moldova', '684260064', '146', '57394');
INSERT INTO public.address (id, city, street, country, phone_number, house_number, postal_code) VALUES (77, 'Chisinau', 'Stefan cel Mare si Sfant Blvd', 'Moldova', '934126439', '12', '78441');
INSERT INTO public.address (id, city, street, country, phone_number, house_number, postal_code) VALUES (78, 'Chisinau', 'Ciocana St', 'Moldova', '846228673', '141', '84095');
INSERT INTO public.address (id, city, street, country, phone_number, house_number, postal_code) VALUES (79, 'Chisinau', 'Stefan cel Mare si Sfant Blvd', 'Moldova', '570422981', '49', '32468');
INSERT INTO public.address (id, city, street, country, phone_number, house_number, postal_code) VALUES (80, 'Chisinau', 'Botanica Blvd', 'Moldova', '679463671', '9', '63880');
INSERT INTO public.address (id, city, street, country, phone_number, house_number, postal_code) VALUES (81, 'Balti', 'Stefan cel Mare St', 'Moldova', '778315442', '44', '62313');
INSERT INTO public.address (id, city, street, country, phone_number, house_number, postal_code) VALUES (82, 'Balti', 'Stefan cel Mare St', 'Moldova', '607709237', '121', '79549');
INSERT INTO public.address (id, city, street, country, phone_number, house_number, postal_code) VALUES (83, 'Balti', 'Independentei St', 'Moldova', '225061115', '33', '1519');
INSERT INTO public.address (id, city, street, country, phone_number, house_number, postal_code) VALUES (84, 'Balti', 'Decebal St', 'Moldova', '509135914', '149', '1231');
INSERT INTO public.address (id, city, street, country, phone_number, house_number, postal_code) VALUES (85, 'Balti', 'Stefan cel Mare St', 'Moldova', '841139215', '31', '3334');
INSERT INTO public.address (id, city, street, country, phone_number, house_number, postal_code) VALUES (86, 'Balti', 'Decebal St', 'Moldova', '255295868', '104', '27749');
INSERT INTO public.address (id, city, street, country, phone_number, house_number, postal_code) VALUES (87, 'Balti', 'Stefan cel Mare St', 'Moldova', '267898463', '3', '24216');
INSERT INTO public.address (id, city, street, country, phone_number, house_number, postal_code) VALUES (88, 'Balti', 'Bulgara St', 'Moldova', '806902932', '111', '74638');
INSERT INTO public.address (id, city, street, country, phone_number, house_number, postal_code) VALUES (89, 'Balti', 'Kiev St', 'Moldova', '804281839', '18', '71032');
INSERT INTO public.address (id, city, street, country, phone_number, house_number, postal_code) VALUES (90, 'Balti', 'Decebal St', 'Moldova', '679114386', '46', '84216');
INSERT INTO public.address (id, city, street, country, phone_number, house_number, postal_code) VALUES (91, 'Balti', 'Stefan cel Mare St', 'Moldova', '413078315', '113', '46053');
INSERT INTO public.address (id, city, street, country, phone_number, house_number, postal_code) VALUES (92, 'Balti', 'Independentei St', 'Moldova', '745082170', '95', '63066');
INSERT INTO public.address (id, city, street, country, phone_number, house_number, postal_code) VALUES (93, 'Balti', 'Bulgara St', 'Moldova', '781283731', '125', '7680');
INSERT INTO public.address (id, city, street, country, phone_number, house_number, postal_code) VALUES (94, 'Balti', 'Stefan cel Mare St', 'Moldova', '166857813', '19', '64814');
INSERT INTO public.address (id, city, street, country, phone_number, house_number, postal_code) VALUES (95, 'Balti', 'Decebal St', 'Moldova', '941996079', '108', '164');
INSERT INTO public.address (id, city, street, country, phone_number, house_number, postal_code) VALUES (96, 'Balti', 'Stefan cel Mare St', 'Moldova', '315105919', '15', '21610');
INSERT INTO public.address (id, city, street, country, phone_number, house_number, postal_code) VALUES (97, 'Kyiv', 'Volodymyrska St', 'Ukraine', '810745116', '137', '33317');
INSERT INTO public.address (id, city, street, country, phone_number, house_number, postal_code) VALUES (98, 'Kyiv', 'Peremohy Ave', 'Ukraine', '981253527', '89', '06388');
INSERT INTO public.address (id, city, street, country, phone_number, house_number, postal_code) VALUES (99, 'Kyiv', 'Velyka Vasylkivska St', 'Ukraine', '578393399', '40', '32746');
INSERT INTO public.address (id, city, street, country, phone_number, house_number, postal_code) VALUES (100, 'Kyiv', 'Khreshchatyk St', 'Ukraine', '944316493', '148', '27113');
INSERT INTO public.address (id, city, street, country, phone_number, house_number, postal_code) VALUES (101, 'Kyiv', 'Velyka Vasylkivska St', 'Ukraine', '240096215', '112', '22664');
INSERT INTO public.address (id, city, street, country, phone_number, house_number, postal_code) VALUES (102, 'Kyiv', 'Khreshchatyk St', 'Ukraine', '485478035', '16', '42233');
INSERT INTO public.address (id, city, street, country, phone_number, house_number, postal_code) VALUES (103, 'Kyiv', 'Khreshchatyk St', 'Ukraine', '416468944', '13', '44967');
INSERT INTO public.address (id, city, street, country, phone_number, house_number, postal_code) VALUES (104, 'Kyiv', 'Lesi Ukrainky Blvd', 'Ukraine', '265829141', '136', '46324');
INSERT INTO public.address (id, city, street, country, phone_number, house_number, postal_code) VALUES (105, 'Kyiv', 'Khreshchatyk St', 'Ukraine', '892607960', '22', '33818');
INSERT INTO public.address (id, city, street, country, phone_number, house_number, postal_code) VALUES (106, 'Kyiv', 'Velyka Vasylkivska St', 'Ukraine', '335784921', '42', '75213');
INSERT INTO public.address (id, city, street, country, phone_number, house_number, postal_code) VALUES (107, 'Kyiv', 'Khreshchatyk St', 'Ukraine', '161278287', '61', '0247');
INSERT INTO public.address (id, city, street, country, phone_number, house_number, postal_code) VALUES (108, 'Kyiv', 'Khreshchatyk St', 'Ukraine', '840597309', '59', '55312');
INSERT INTO public.address (id, city, street, country, phone_number, house_number, postal_code) VALUES (109, 'Kyiv', 'Peremohy Ave', 'Ukraine', '750466614', '19', '35247');
INSERT INTO public.address (id, city, street, country, phone_number, house_number, postal_code) VALUES (110, 'Kyiv', 'Lesi Ukrainky Blvd', 'Ukraine', '857594918', '31', '79265');
INSERT INTO public.address (id, city, street, country, phone_number, house_number, postal_code) VALUES (111, 'Kyiv', 'Khreshchatyk St', 'Ukraine', '178743289', '23', '6302');
INSERT INTO public.address (id, city, street, country, phone_number, house_number, postal_code) VALUES (112, 'Kyiv', 'Khreshchatyk St', 'Ukraine', '407551759', '65', '57095');
INSERT INTO public.address (id, city, street, country, phone_number, house_number, postal_code) VALUES (113, 'Kharkiv', 'Nauky Ave', 'Ukraine', '718858679', '45', '68688');
INSERT INTO public.address (id, city, street, country, phone_number, house_number, postal_code) VALUES (114, 'Kharkiv', 'Gagarina Ave', 'Ukraine', '151629904', '93', '37037');
INSERT INTO public.address (id, city, street, country, phone_number, house_number, postal_code) VALUES (115, 'Kharkiv', 'Sumska St', 'Ukraine', '140573181', '12', '69061');
INSERT INTO public.address (id, city, street, country, phone_number, house_number, postal_code) VALUES (116, 'Kharkiv', 'Poltavskyi Shliakh St', 'Ukraine', '588984038', '142', '11113');
INSERT INTO public.address (id, city, street, country, phone_number, house_number, postal_code) VALUES (117, 'Kharkiv', 'Sumska St', 'Ukraine', '970306809', '75', '12646');
INSERT INTO public.address (id, city, street, country, phone_number, house_number, postal_code) VALUES (118, 'Kharkiv', 'Gagarina Ave', 'Ukraine', '280489071', '69', '58522');
INSERT INTO public.address (id, city, street, country, phone_number, house_number, postal_code) VALUES (119, 'Kharkiv', 'Pushkinska St', 'Ukraine', '817229675', '64', '13531');
INSERT INTO public.address (id, city, street, country, phone_number, house_number, postal_code) VALUES (120, 'Kharkiv', 'Sumska St', 'Ukraine', '396066450', '68', '37370');
INSERT INTO public.address (id, city, street, country, phone_number, house_number, postal_code) VALUES (121, 'Kharkiv', 'Gagarina Ave', 'Ukraine', '183405022', '64', '08123');
INSERT INTO public.address (id, city, street, country, phone_number, house_number, postal_code) VALUES (122, 'Kharkiv', 'Gagarina Ave', 'Ukraine', '776231474', '27', '06189');
INSERT INTO public.address (id, city, street, country, phone_number, house_number, postal_code) VALUES (123, 'Kharkiv', 'Poltavskyi Shliakh St', 'Ukraine', '355224066', '128', '5780');
INSERT INTO public.address (id, city, street, country, phone_number, house_number, postal_code) VALUES (124, 'Kharkiv', 'Pushkinska St', 'Ukraine', '106186343', '56', '73881');
INSERT INTO public.address (id, city, street, country, phone_number, house_number, postal_code) VALUES (125, 'Kharkiv', 'Sumska St', 'Ukraine', '593941005', '114', '15023');
INSERT INTO public.address (id, city, street, country, phone_number, house_number, postal_code) VALUES (126, 'Kharkiv', 'Nauky Ave', 'Ukraine', '666952452', '124', '5486');
INSERT INTO public.address (id, city, street, country, phone_number, house_number, postal_code) VALUES (127, 'Kharkiv', 'Poltavskyi Shliakh St', 'Ukraine', '693551121', '138', '78484');
INSERT INTO public.address (id, city, street, country, phone_number, house_number, postal_code) VALUES (128, 'Kharkiv', 'Sumska St', 'Ukraine', '300606950', '32', '21224');
INSERT INTO public.address (id, city, street, country, phone_number, house_number, postal_code) VALUES (129, 'Warsaw', 'Puławska St', 'Poland', '209410934', '15', '48577');
INSERT INTO public.address (id, city, street, country, phone_number, house_number, postal_code) VALUES (130, 'Warsaw', 'Jerozolimskie Ave', 'Poland', '924498437', '129', '79743');
INSERT INTO public.address (id, city, street, country, phone_number, house_number, postal_code) VALUES (131, 'Warsaw', 'Puławska St', 'Poland', '726856305', '106', '12777');
INSERT INTO public.address (id, city, street, country, phone_number, house_number, postal_code) VALUES (132, 'Warsaw', 'Jerozolimskie Ave', 'Poland', '953212618', '148', '43247');
INSERT INTO public.address (id, city, street, country, phone_number, house_number, postal_code) VALUES (133, 'Warsaw', 'Marszałkowska St', 'Poland', '945571507', '99', '04548');
INSERT INTO public.address (id, city, street, country, phone_number, house_number, postal_code) VALUES (134, 'Warsaw', 'Jerozolimskie Ave', 'Poland', '224819668', '128', '27315');
INSERT INTO public.address (id, city, street, country, phone_number, house_number, postal_code) VALUES (135, 'Warsaw', 'Nowy Świat St', 'Poland', '866405542', '85', '31978');
INSERT INTO public.address (id, city, street, country, phone_number, house_number, postal_code) VALUES (136, 'Warsaw', 'Jerozolimskie Ave', 'Poland', '337355414', '83', '87938');
INSERT INTO public.address (id, city, street, country, phone_number, house_number, postal_code) VALUES (137, 'Warsaw', 'Krakowskie Przedmieście St', 'Poland', '788041977', '79', '47030');
INSERT INTO public.address (id, city, street, country, phone_number, house_number, postal_code) VALUES (138, 'Warsaw', 'Nowy Świat St', 'Poland', '648460000', '50', '84862');
INSERT INTO public.address (id, city, street, country, phone_number, house_number, postal_code) VALUES (139, 'Warsaw', 'Krakowskie Przedmieście St', 'Poland', '410606329', '23', '03580');
INSERT INTO public.address (id, city, street, country, phone_number, house_number, postal_code) VALUES (140, 'Warsaw', 'Jerozolimskie Ave', 'Poland', '929719474', '85', '49444');
INSERT INTO public.address (id, city, street, country, phone_number, house_number, postal_code) VALUES (141, 'Warsaw', 'Nowy Świat St', 'Poland', '136258595', '53', '03968');
INSERT INTO public.address (id, city, street, country, phone_number, house_number, postal_code) VALUES (142, 'Warsaw', 'Jerozolimskie Ave', 'Poland', '518486570', '57', '36824');
INSERT INTO public.address (id, city, street, country, phone_number, house_number, postal_code) VALUES (143, 'Warsaw', 'Jerozolimskie Ave', 'Poland', '834294719', '104', '13655');
INSERT INTO public.address (id, city, street, country, phone_number, house_number, postal_code) VALUES (144, 'Warsaw', 'Marszałkowska St', 'Poland', '735702426', '67', '1516');
INSERT INTO public.address (id, city, street, country, phone_number, house_number, postal_code) VALUES (145, 'Krakow', 'Floriańska St', 'Poland', '965440365', '39', '42894');
INSERT INTO public.address (id, city, street, country, phone_number, house_number, postal_code) VALUES (146, 'Krakow', 'Floriańska St', 'Poland', '693405288', '31', '08985');
INSERT INTO public.address (id, city, street, country, phone_number, house_number, postal_code) VALUES (147, 'Krakow', 'Floriańska St', 'Poland', '142272192', '112', '13518');
INSERT INTO public.address (id, city, street, country, phone_number, house_number, postal_code) VALUES (148, 'Krakow', 'Kalwaryjska St', 'Poland', '480268835', '141', '16319');
INSERT INTO public.address (id, city, street, country, phone_number, house_number, postal_code) VALUES (149, 'Krakow', 'Pokoju Ave', 'Poland', '729200562', '64', '58650');
INSERT INTO public.address (id, city, street, country, phone_number, house_number, postal_code) VALUES (150, 'Krakow', 'Pokoju Ave', 'Poland', '703647768', '76', '81516');
INSERT INTO public.address (id, city, street, country, phone_number, house_number, postal_code) VALUES (151, 'Krakow', 'Grodzka St', 'Poland', '274861345', '35', '63056');
INSERT INTO public.address (id, city, street, country, phone_number, house_number, postal_code) VALUES (152, 'Krakow', 'Grodzka St', 'Poland', '811976416', '65', '4582');
INSERT INTO public.address (id, city, street, country, phone_number, house_number, postal_code) VALUES (153, 'Krakow', 'Floriańska St', 'Poland', '448688538', '13', '27130');
INSERT INTO public.address (id, city, street, country, phone_number, house_number, postal_code) VALUES (154, 'Krakow', 'Pokoju Ave', 'Poland', '473138617', '80', '1451');
INSERT INTO public.address (id, city, street, country, phone_number, house_number, postal_code) VALUES (155, 'Krakow', 'Kalwaryjska St', 'Poland', '877267605', '15', '83052');
INSERT INTO public.address (id, city, street, country, phone_number, house_number, postal_code) VALUES (156, 'Krakow', 'Floriańska St', 'Poland', '776470279', '140', '71174');
INSERT INTO public.address (id, city, street, country, phone_number, house_number, postal_code) VALUES (157, 'Krakow', 'Pokoju Ave', 'Poland', '454914029', '36', '49721');
INSERT INTO public.address (id, city, street, country, phone_number, house_number, postal_code) VALUES (158, 'Krakow', 'Kalwaryjska St', 'Poland', '256472997', '147', '63791');
INSERT INTO public.address (id, city, street, country, phone_number, house_number, postal_code) VALUES (159, 'Krakow', 'Kalwaryjska St', 'Poland', '641631438', '100', '27721');
INSERT INTO public.address (id, city, street, country, phone_number, house_number, postal_code) VALUES (160, 'Krakow', 'Grodzka St', 'Poland', '176907148', '0', '18321');


--
-- Data for Name: class_room_type; Type: TABLE DATA; Schema: public; Owner: postgres
--

INSERT INTO public.class_room_type (id, name, capacity) VALUES (1, 'Lecture Hall', 100);
INSERT INTO public.class_room_type (id, name, capacity) VALUES (2, 'Seminar Room', 30);
INSERT INTO public.class_room_type (id, name, capacity) VALUES (3, 'Computer Lab', 30);
INSERT INTO public.class_room_type (id, name, capacity) VALUES (4, 'Physics Lab', 30);
INSERT INTO public.class_room_type (id, name, capacity) VALUES (5, 'Chemistry Lab', 30);
INSERT INTO public.class_room_type (id, name, capacity) VALUES (6, 'Biology Lab', 30);
INSERT INTO public.class_room_type (id, name, capacity) VALUES (7, 'Art Studio', 30);
INSERT INTO public.class_room_type (id, name, capacity) VALUES (8, 'Music Room', 30);
INSERT INTO public.class_room_type (id, name, capacity) VALUES (9, 'Conference Room', 30);
INSERT INTO public.class_room_type (id, name, capacity) VALUES (10, 'Library Hall', 100);
INSERT INTO public.class_room_type (id, name, capacity) VALUES (11, 'Study Room', 30);
INSERT INTO public.class_room_type (id, name, capacity) VALUES (12, 'Workshop', 30);
INSERT INTO public.class_room_type (id, name, capacity) VALUES (13, 'Darkroom', 30);
INSERT INTO public.class_room_type (id, name, capacity) VALUES (14, 'Auditorium', 30);


--
-- Data for Name: class_room; Type: TABLE DATA; Schema: public; Owner: postgres
--

--
-- Data for Name: class_room; Type: TABLE DATA; Schema: public; Owner: postgres
--

INSERT INTO public.class_room (id, room, class_room_type_id) VALUES (1, 'B-101', 4);
INSERT INTO public.class_room (id, room, class_room_type_id) VALUES (2, 'A-201', 1);
INSERT INTO public.class_room (id, room, class_room_type_id) VALUES (3, 'B-301', 3);
INSERT INTO public.class_room (id, room, class_room_type_id) VALUES (5, 'B-501', 7);
INSERT INTO public.class_room (id, room, class_room_type_id) VALUES (4, 'E-512', 11);
INSERT INTO public.class_room (id, room, class_room_type_id) VALUES (6, 'B-102', 9);
INSERT INTO public.class_room (id, room, class_room_type_id) VALUES (7, 'A-202', 1);
INSERT INTO public.class_room (id, room, class_room_type_id) VALUES (8, 'B-302', 5);
INSERT INTO public.class_room (id, room, class_room_type_id) VALUES (9, 'E-511', 11);
INSERT INTO public.class_room (id, room, class_room_type_id) VALUES (10, 'B-502', 11);
INSERT INTO public.class_room (id, room, class_room_type_id) VALUES (11, 'B-103', 9);
INSERT INTO public.class_room (id, room, class_room_type_id) VALUES (12, 'B-203', 12);
INSERT INTO public.class_room (id, room, class_room_type_id) VALUES (13, 'A-303', 10);
INSERT INTO public.class_room (id, room, class_room_type_id) VALUES (14, 'B-403', 14);
INSERT INTO public.class_room (id, room, class_room_type_id) VALUES (15, 'B-503', 6);
INSERT INTO public.class_room (id, room, class_room_type_id) VALUES (16, 'B-104', 12);
INSERT INTO public.class_room (id, room, class_room_type_id) VALUES (17, 'B-204', 9);
INSERT INTO public.class_room (id, room, class_room_type_id) VALUES (18, 'B-304', 13);
INSERT INTO public.class_room (id, room, class_room_type_id) VALUES (19, 'B-404', 4);
INSERT INTO public.class_room (id, room, class_room_type_id) VALUES (20, 'B-504', 11);
INSERT INTO public.class_room (id, room, class_room_type_id) VALUES (21, 'B-105', 9);
INSERT INTO public.class_room (id, room, class_room_type_id) VALUES (22, 'B-205', 4);
INSERT INTO public.class_room (id, room, class_room_type_id) VALUES (23, 'B-305', 13);
INSERT INTO public.class_room (id, room, class_room_type_id) VALUES (24, 'B-405', 11);
INSERT INTO public.class_room (id, room, class_room_type_id) VALUES (25, 'B-505', 12);
INSERT INTO public.class_room (id, room, class_room_type_id) VALUES (26, 'B-106', 11);
INSERT INTO public.class_room (id, room, class_room_type_id) VALUES (27, 'B-206', 12);
INSERT INTO public.class_room (id, room, class_room_type_id) VALUES (28, 'B-306', 6);
INSERT INTO public.class_room (id, room, class_room_type_id) VALUES (29, 'B-406', 9);
INSERT INTO public.class_room (id, room, class_room_type_id) VALUES (30, 'B-506', 9);
INSERT INTO public.class_room (id, room, class_room_type_id) VALUES (31, 'B-107', 6);
INSERT INTO public.class_room (id, room, class_room_type_id) VALUES (32, 'A-207', 1);
INSERT INTO public.class_room (id, room, class_room_type_id) VALUES (33, 'B-307', 13);
INSERT INTO public.class_room (id, room, class_room_type_id) VALUES (34, 'B-407', 13);
INSERT INTO public.class_room (id, room, class_room_type_id) VALUES (35, 'B-507', 8);
INSERT INTO public.class_room (id, room, class_room_type_id) VALUES (36, 'B-108', 8);
INSERT INTO public.class_room (id, room, class_room_type_id) VALUES (37, 'B-208', 9);
INSERT INTO public.class_room (id, room, class_room_type_id) VALUES (38, 'B-308', 9);
INSERT INTO public.class_room (id, room, class_room_type_id) VALUES (39, 'B-408', 14);
INSERT INTO public.class_room (id, room, class_room_type_id) VALUES (40, 'B-508', 9);
INSERT INTO public.class_room (id, room, class_room_type_id) VALUES (41, 'B-109', 13);
INSERT INTO public.class_room (id, room, class_room_type_id) VALUES (42, 'B-209', 5);
INSERT INTO public.class_room (id, room, class_room_type_id) VALUES (43, 'B-309', 9);
INSERT INTO public.class_room (id, room, class_room_type_id) VALUES (44, 'B-409', 9);
INSERT INTO public.class_room (id, room, class_room_type_id) VALUES (45, 'B-509', 14);
INSERT INTO public.class_room (id, room, class_room_type_id) VALUES (46, 'B-110', 9);
INSERT INTO public.class_room (id, room, class_room_type_id) VALUES (47, 'B-210', 6);
INSERT INTO public.class_room (id, room, class_room_type_id) VALUES (48, 'A-310', 1);
INSERT INTO public.class_room (id, room, class_room_type_id) VALUES (49, 'B-410', 9);
INSERT INTO public.class_room (id, room, class_room_type_id) VALUES (50, 'B-510', 3);


--
-- Data for Name: duration; Type: TABLE DATA; Schema: public; Owner: postgres
--

INSERT INTO public.duration (id, start, "end") VALUES (1, '08:30:00', '10:00:00');
INSERT INTO public.duration (id, start, "end") VALUES (2, '10:15:00', '11:45:00');
INSERT INTO public.duration (id, start, "end") VALUES (3, '12:00:00', '13:30:00');
INSERT INTO public.duration (id, start, "end") VALUES (4, '13:45:00', '15:15:00');
INSERT INTO public.duration (id, start, "end") VALUES (5, '15:30:00', '17:00:00');
INSERT INTO public.duration (id, start, "end") VALUES (6, '17:15:00', '18:45:00');

--
-- Data for Name: group; Type: TABLE DATA; Schema: public; Owner: postgres
--

INSERT INTO public."group" (id, name) VALUES (1, 'HN-85');
INSERT INTO public."group" (id, name) VALUES (2, 'PS-58');
INSERT INTO public."group" (id, name) VALUES (3, 'UB-01');
INSERT INTO public."group" (id, name) VALUES (4, 'RA-83');
INSERT INTO public."group" (id, name) VALUES (5, 'WU-29');
INSERT INTO public."group" (id, name) VALUES (6, 'GT-09');
INSERT INTO public."group" (id, name) VALUES (7, 'PA-74');
INSERT INTO public."group" (id, name) VALUES (8, 'MA-28');
INSERT INTO public."group" (id, name) VALUES (9, 'RE-70');
INSERT INTO public."group" (id, name) VALUES (10, 'OV-50');
INSERT INTO public."group" (id, name) VALUES (11, 'DA-13');
INSERT INTO public."group" (id, name) VALUES (12, 'PR-59');
INSERT INTO public."group" (id, name) VALUES (13, 'YB-12');
INSERT INTO public."group" (id, name) VALUES (14, 'FK-48');
INSERT INTO public."group" (id, name) VALUES (15, 'FG-93');
INSERT INTO public."group" (id, name) VALUES (16, 'CD-15');
INSERT INTO public."group" (id, name) VALUES (17, 'KF-17');
INSERT INTO public."group" (id, name) VALUES (18, 'GR-94');
INSERT INTO public."group" (id, name) VALUES (19, 'XQ-36');
INSERT INTO public."group" (id, name) VALUES (20, 'SD-95');


--
-- Data for Name: person; Type: TABLE DATA; Schema: public; Owner: postgres
--

INSERT INTO public.person (id, password, name, sure_name, gender, address_id, date_of_birth, email) VALUES (1, 'password_0', 'Lucas', 'Rodriguez', 'Female', 10, '1966-01-20', 'lucas.rodriguez17@lecturer.university.com');
INSERT INTO public.person (id, password, name, sure_name, gender, address_id, date_of_birth, email) VALUES (2, 'password_1', 'Oliver', 'Smith', 'Male', 11, '1966-01-20', 'oliver.smith8@lecturer.university.com');
INSERT INTO public.person (id, password, name, sure_name, gender, address_id, date_of_birth, email) VALUES (3, 'password_2', 'William', 'Johnson', 'Female', 87, '1967-01-20', 'william.johnson7@lecturer.university.com');
INSERT INTO public.person (id, password, name, sure_name, gender, address_id, date_of_birth, email) VALUES (4, 'password_3', 'Liam', 'Martinez', 'Male', 92, '1983-01-20', 'liam.martinez6@lecturer.university.com');
INSERT INTO public.person (id, password, name, sure_name, gender, address_id, date_of_birth, email) VALUES (5, 'password_4', 'James', 'Williams', 'Male', 141, '1970-01-20', 'james.williams27@lecturer.university.com');
INSERT INTO public.person (id, password, name, sure_name, gender, address_id, date_of_birth, email) VALUES (6, 'password_5', 'Alexander', 'Brown', 'Female', 159, '1972-01-20', 'alexander.brown31@lecturer.university.com');
INSERT INTO public.person (id, password, name, sure_name, gender, address_id, date_of_birth, email) VALUES (7, 'password_6', 'Noah', 'Johnson', 'Male', 98, '1992-01-20', 'noah.johnson39@lecturer.university.com');
INSERT INTO public.person (id, password, name, sure_name, gender, address_id, date_of_birth, email) VALUES (8, 'password_7', 'Noah', 'Johnson', 'Male', 40, '1982-01-20', 'noah.johnson40@lecturer.university.com');
INSERT INTO public.person (id, password, name, sure_name, gender, address_id, date_of_birth, email) VALUES (9, 'password_8', 'Lucas', 'Miller', 'Male', 9, '1995-01-20', 'lucas.miller16@lecturer.university.com');
INSERT INTO public.person (id, password, name, sure_name, gender, address_id, date_of_birth, email) VALUES (10, 'password_9', 'Elijah', 'Garcia', 'Male', 131, '1992-01-20', 'elijah.garcia45@lecturer.university.com');
INSERT INTO public.person (id, password, name, sure_name, gender, address_id, date_of_birth, email) VALUES (11, 'password_10', 'Elijah', 'Jones', 'Male', 150, '1994-01-20', 'elijah.jones7@lecturer.university.com');
INSERT INTO public.person (id, password, name, sure_name, gender, address_id, date_of_birth, email) VALUES (12, 'password_11', 'Liam', 'Brown', 'Male', 110, '1977-01-20', 'liam.brown10@lecturer.university.com');
INSERT INTO public.person (id, password, name, sure_name, gender, address_id, date_of_birth, email) VALUES (13, 'password_12', 'Lucas', 'Garcia', 'Male', 38, '1983-01-20', 'lucas.garcia33@lecturer.university.com');
INSERT INTO public.person (id, password, name, sure_name, gender, address_id, date_of_birth, email) VALUES (14, 'student_pass_0', 'Fabian', 'O''Sullivan', 'Male', 67, '2005-01-20', 'fabian.o''sullivan124@student.university.com');
INSERT INTO public.person (id, password, name, sure_name, gender, address_id, date_of_birth, email) VALUES (15, 'student_pass_1', 'Tristan', 'Gorski', 'Male', 121, '2003-01-20', 'tristan.gorski177@student.university.com');
INSERT INTO public.person (id, password, name, sure_name, gender, address_id, date_of_birth, email) VALUES (16, 'student_pass_2', 'Adrian', 'Moretti', 'Male', 106, '2004-01-20', 'adrian.moretti681@student.university.com');
INSERT INTO public.person (id, password, name, sure_name, gender, address_id, date_of_birth, email) VALUES (17, 'student_pass_3', 'Quentin', 'Esposito', 'Male', 135, '2008-01-20', 'quentin.esposito370@student.university.com');
INSERT INTO public.person (id, password, name, sure_name, gender, address_id, date_of_birth, email) VALUES (18, 'student_pass_4', 'Adrian', 'Tanaka', 'Male', 6, '2007-01-20', 'adrian.tanaka566@student.university.com');
INSERT INTO public.person (id, password, name, sure_name, gender, address_id, date_of_birth, email) VALUES (19, 'student_pass_5', 'Gideon', 'Ito', 'Female', 61, '2002-01-20', 'gideon.ito628@student.university.com');
INSERT INTO public.person (id, password, name, sure_name, gender, address_id, date_of_birth, email) VALUES (20, 'student_pass_6', 'Dante', 'Schmidt', 'Male', 92, '2003-01-20', 'dante.schmidt495@student.university.com');
INSERT INTO public.person (id, password, name, sure_name, gender, address_id, date_of_birth, email) VALUES (21, 'student_pass_7', 'Dante', 'Ito', 'Male', 6, '2003-01-20', 'dante.ito786@student.university.com');
INSERT INTO public.person (id, password, name, sure_name, gender, address_id, date_of_birth, email) VALUES (22, 'student_pass_8', 'Raphael', 'Chen', 'Male', 153, '2007-01-20', 'raphael.chen392@student.university.com');
INSERT INTO public.person (id, password, name, sure_name, gender, address_id, date_of_birth, email) VALUES (23, 'student_pass_9', 'Leopold', 'Petrov', 'Male', 127, '2007-01-20', 'leopold.petrov719@student.university.com');
INSERT INTO public.person (id, password, name, sure_name, gender, address_id, date_of_birth, email) VALUES (24, 'student_pass_10', 'Raphael', 'Tanaka', 'Male', 148, '2008-01-20', 'raphael.tanaka77@student.university.com');
INSERT INTO public.person (id, password, name, sure_name, gender, address_id, date_of_birth, email) VALUES (25, 'student_pass_11', 'Quentin', 'Dubois', 'Female', 83, '2003-01-20', 'quentin.dubois63@student.university.com');
INSERT INTO public.person (id, password, name, sure_name, gender, address_id, date_of_birth, email) VALUES (26, 'student_pass_12', 'Adrian', 'Quinn', 'Male', 54, '2004-01-20', 'adrian.quinn776@student.university.com');
INSERT INTO public.person (id, password, name, sure_name, gender, address_id, date_of_birth, email) VALUES (27, 'student_pass_13', 'Tristan', 'O''Sullivan', 'Male', 109, '2004-01-20', 'tristan.o''sullivan329@student.university.com');
INSERT INTO public.person (id, password, name, sure_name, gender, address_id, date_of_birth, email) VALUES (28, 'student_pass_14', 'Adrian', 'Dubois', 'Male', 131, '2004-01-20', 'adrian.dubois394@student.university.com');
INSERT INTO public.person (id, password, name, sure_name, gender, address_id, date_of_birth, email) VALUES (29, 'student_pass_15', 'Julian', 'O''Sullivan', 'Male', 48, '2005-01-20', 'julian.o''sullivan341@student.university.com');
INSERT INTO public.person (id, password, name, sure_name, gender, address_id, date_of_birth, email) VALUES (30, 'student_pass_16', 'Isaias', 'Hansen', 'Female', 153, '2007-01-20', 'isaias.hansen116@student.university.com');
INSERT INTO public.person (id, password, name, sure_name, gender, address_id, date_of_birth, email) VALUES (31, 'student_pass_17', 'Maxim', 'Chen', 'Female', 107, '2002-01-20', 'maxim.chen341@student.university.com');
INSERT INTO public.person (id, password, name, sure_name, gender, address_id, date_of_birth, email) VALUES (32, 'student_pass_18', 'Nicolas', 'Moretti', 'Female', 126, '2006-01-20', 'nicolas.moretti155@student.university.com');
INSERT INTO public.person (id, password, name, sure_name, gender, address_id, date_of_birth, email) VALUES (33, 'student_pass_19', 'Bastien', 'Rossi', 'Male', 112, '2005-01-20', 'bastien.rossi66@student.university.com');
INSERT INTO public.person (id, password, name, sure_name, gender, address_id, date_of_birth, email) VALUES (34, 'student_pass_20', 'Adrian', 'Rossi', 'Male', 158, '2006-01-20', 'adrian.rossi491@student.university.com');
INSERT INTO public.person (id, password, name, sure_name, gender, address_id, date_of_birth, email) VALUES (35, 'student_pass_21', 'Hugo', 'Chen', 'Male', 75, '2006-01-20', 'hugo.chen112@student.university.com');
INSERT INTO public.person (id, password, name, sure_name, gender, address_id, date_of_birth, email) VALUES (36, 'student_pass_22', 'Elian', 'Esposito', 'Female', 154, '2005-01-20', 'elian.esposito182@student.university.com');
INSERT INTO public.person (id, password, name, sure_name, gender, address_id, date_of_birth, email) VALUES (37, 'student_pass_23', 'Oscar', 'O''Sullivan', 'Female', 55, '2002-01-20', 'oscar.o''sullivan481@student.university.com');
INSERT INTO public.person (id, password, name, sure_name, gender, address_id, date_of_birth, email) VALUES (38, 'student_pass_24', 'Quentin', 'O''Sullivan', 'Female', 101, '2002-01-20', 'quentin.o''sullivan575@student.university.com');
INSERT INTO public.person (id, password, name, sure_name, gender, address_id, date_of_birth, email) VALUES (39, 'student_pass_25', 'Soren', 'Quinn', 'Female', 20, '2002-01-20', 'soren.quinn107@student.university.com');
INSERT INTO public.person (id, password, name, sure_name, gender, address_id, date_of_birth, email) VALUES (40, 'student_pass_26', 'Raphael', 'Schmidt', 'Male', 113, '2007-01-20', 'raphael.schmidt367@student.university.com');
INSERT INTO public.person (id, password, name, sure_name, gender, address_id, date_of_birth, email) VALUES (41, 'student_pass_27', 'Bastien', 'Petrov', 'Female', 60, '2003-01-20', 'bastien.petrov751@student.university.com');
INSERT INTO public.person (id, password, name, sure_name, gender, address_id, date_of_birth, email) VALUES (42, 'student_pass_28', 'Soren', 'Novak', 'Female', 111, '2006-01-20', 'soren.novak448@student.university.com');
INSERT INTO public.person (id, password, name, sure_name, gender, address_id, date_of_birth, email) VALUES (43, 'student_pass_29', 'Adrian', 'Becker', 'Female', 156, '2006-01-20', 'adrian.becker273@student.university.com');
INSERT INTO public.person (id, password, name, sure_name, gender, address_id, date_of_birth, email) VALUES (44, 'student_pass_30', 'Raphael', 'Adler', 'Male', 124, '2007-01-20', 'raphael.adler132@student.university.com');
INSERT INTO public.person (id, password, name, sure_name, gender, address_id, date_of_birth, email) VALUES (45, 'student_pass_31', 'Kasper', 'O''Sullivan', 'Male', 103, '2007-01-20', 'kasper.o''sullivan436@student.university.com');
INSERT INTO public.person (id, password, name, sure_name, gender, address_id, date_of_birth, email) VALUES (46, 'student_pass_32', 'Soren', 'Chen', 'Female', 159, '2008-01-20', 'soren.chen735@student.university.com');
INSERT INTO public.person (id, password, name, sure_name, gender, address_id, date_of_birth, email) VALUES (47, 'student_pass_33', 'Raphael', 'Larsen', 'Female', 110, '2008-01-20', 'raphael.larsen300@student.university.com');
INSERT INTO public.person (id, password, name, sure_name, gender, address_id, date_of_birth, email) VALUES (48, 'student_pass_34', 'Phineas', 'Quinn', 'Male', 55, '2003-01-20', 'phineas.quinn29@student.university.com');
INSERT INTO public.person (id, password, name, sure_name, gender, address_id, date_of_birth, email) VALUES (49, 'student_pass_35', 'Bastien', 'Chen', 'Female', 84, '2006-01-20', 'bastien.chen217@student.university.com');
INSERT INTO public.person (id, password, name, sure_name, gender, address_id, date_of_birth, email) VALUES (50, 'student_pass_36', 'Hugo', 'Quinn', 'Male', 154, '2002-01-20', 'hugo.quinn216@student.university.com');
INSERT INTO public.person (id, password, name, sure_name, gender, address_id, date_of_birth, email) VALUES (51, 'student_pass_37', 'Phineas', 'Rossi', 'Male', 134, '2007-01-20', 'phineas.rossi82@student.university.com');
INSERT INTO public.person (id, password, name, sure_name, gender, address_id, date_of_birth, email) VALUES (52, 'student_pass_38', 'Adrian', 'Schmidt', 'Female', 64, '2008-01-20', 'adrian.schmidt404@student.university.com');
INSERT INTO public.person (id, password, name, sure_name, gender, address_id, date_of_birth, email) VALUES (53, 'student_pass_39', 'Isaias', 'Adler', 'Male', 15, '2003-01-20', 'isaias.adler390@student.university.com');
INSERT INTO public.person (id, password, name, sure_name, gender, address_id, date_of_birth, email) VALUES (54, 'student_pass_40', 'Maxim', 'Dubois', 'Male', 39, '2003-01-20', 'maxim.dubois259@student.university.com');
INSERT INTO public.person (id, password, name, sure_name, gender, address_id, date_of_birth, email) VALUES (55, 'student_pass_41', 'Julian', 'Dubois', 'Female', 80, '2003-01-20', 'julian.dubois13@student.university.com');
INSERT INTO public.person (id, password, name, sure_name, gender, address_id, date_of_birth, email) VALUES (56, 'student_pass_42', 'Julian', 'Tanaka', 'Female', 121, '2005-01-20', 'julian.tanaka412@student.university.com');
INSERT INTO public.person (id, password, name, sure_name, gender, address_id, date_of_birth, email) VALUES (57, 'student_pass_43', 'Cillian', 'Ito', 'Male', 54, '2006-01-20', 'cillian.ito744@student.university.com');
INSERT INTO public.person (id, password, name, sure_name, gender, address_id, date_of_birth, email) VALUES (58, 'student_pass_44', 'Maxim', 'Becker', 'Female', 81, '2002-01-20', 'maxim.becker19@student.university.com');
INSERT INTO public.person (id, password, name, sure_name, gender, address_id, date_of_birth, email) VALUES (59, 'student_pass_45', 'Oscar', 'Jensen', 'Female', 45, '2003-01-20', 'oscar.jensen294@student.university.com');
INSERT INTO public.person (id, password, name, sure_name, gender, address_id, date_of_birth, email) VALUES (60, 'student_pass_46', 'Quentin', 'Hansen', 'Male', 66, '2005-01-20', 'quentin.hansen230@student.university.com');
INSERT INTO public.person (id, password, name, sure_name, gender, address_id, date_of_birth, email) VALUES (61, 'student_pass_47', 'Kasper', 'Tanaka', 'Female', 123, '2005-01-20', 'kasper.tanaka303@student.university.com');
INSERT INTO public.person (id, password, name, sure_name, gender, address_id, date_of_birth, email) VALUES (62, 'student_pass_48', 'Leopold', 'Larsen', 'Female', 128, '2005-01-20', 'leopold.larsen70@student.university.com');
INSERT INTO public.person (id, password, name, sure_name, gender, address_id, date_of_birth, email) VALUES (63, 'student_pass_49', 'Dante', 'Esposito', 'Female', 111, '2005-01-20', 'dante.esposito291@student.university.com');
INSERT INTO public.person (id, password, name, sure_name, gender, address_id, date_of_birth, email) VALUES (64, 'student_pass_50', 'Gideon', 'O''Sullivan', 'Male', 65, '2007-01-20', 'gideon.o''sullivan14@student.university.com');
INSERT INTO public.person (id, password, name, sure_name, gender, address_id, date_of_birth, email) VALUES (65, 'student_pass_51', 'Hugo', 'Dubois', 'Male', 127, '2005-01-20', 'hugo.dubois389@student.university.com');
INSERT INTO public.person (id, password, name, sure_name, gender, address_id, date_of_birth, email) VALUES (66, 'student_pass_52', 'Isaias', 'Larsen', 'Male', 4, '2005-01-20', 'isaias.larsen755@student.university.com');
INSERT INTO public.person (id, password, name, sure_name, gender, address_id, date_of_birth, email) VALUES (67, 'student_pass_53', 'Phineas', 'Schmidt', 'Male', 25, '2004-01-20', 'phineas.schmidt690@student.university.com');
INSERT INTO public.person (id, password, name, sure_name, gender, address_id, date_of_birth, email) VALUES (68, 'student_pass_54', 'Adrian', 'Novak', 'Male', 155, '2008-01-20', 'adrian.novak581@student.university.com');
INSERT INTO public.person (id, password, name, sure_name, gender, address_id, date_of_birth, email) VALUES (69, 'student_pass_55', 'Soren', 'Esposito', 'Male', 120, '2008-01-20', 'soren.esposito254@student.university.com');
INSERT INTO public.person (id, password, name, sure_name, gender, address_id, date_of_birth, email) VALUES (70, 'student_pass_56', 'Kasper', 'Dubois', 'Male', 43, '2002-01-20', 'kasper.dubois426@student.university.com');
INSERT INTO public.person (id, password, name, sure_name, gender, address_id, date_of_birth, email) VALUES (71, 'student_pass_57', 'Kasper', 'Jensen', 'Female', 96, '2008-01-20', 'kasper.jensen595@student.university.com');
INSERT INTO public.person (id, password, name, sure_name, gender, address_id, date_of_birth, email) VALUES (72, 'student_pass_58', 'Phineas', 'Adler', 'Female', 88, '2008-01-20', 'phineas.adler777@student.university.com');
INSERT INTO public.person (id, password, name, sure_name, gender, address_id, date_of_birth, email) VALUES (73, 'student_pass_59', 'Maxim', 'Dubois', 'Male', 45, '2002-01-20', 'maxim.dubois584@student.university.com');
INSERT INTO public.person (id, password, name, sure_name, gender, address_id, date_of_birth, email) VALUES (74, 'student_pass_60', 'Leopold', 'Dubois', 'Female', 7, '2005-01-20', 'leopold.dubois602@student.university.com');
INSERT INTO public.person (id, password, name, sure_name, gender, address_id, date_of_birth, email) VALUES (75, 'student_pass_61', 'Hugo', 'Petrov', 'Male', 13, '2004-01-20', 'hugo.petrov609@student.university.com');
INSERT INTO public.person (id, password, name, sure_name, gender, address_id, date_of_birth, email) VALUES (76, 'student_pass_62', 'Isaias', 'Moretti', 'Female', 100, '2008-01-20', 'isaias.moretti608@student.university.com');
INSERT INTO public.person (id, password, name, sure_name, gender, address_id, date_of_birth, email) VALUES (77, 'student_pass_63', 'Cillian', 'Rossi', 'Male', 54, '2004-01-20', 'cillian.rossi448@student.university.com');
INSERT INTO public.person (id, password, name, sure_name, gender, address_id, date_of_birth, email) VALUES (78, 'student_pass_64', 'Elian', 'Novak', 'Male', 10, '2005-01-20', 'elian.novak573@student.university.com');
INSERT INTO public.person (id, password, name, sure_name, gender, address_id, date_of_birth, email) VALUES (79, 'student_pass_65', 'Tristan', 'Rossi', 'Female', 25, '2002-01-20', 'tristan.rossi645@student.university.com');
INSERT INTO public.person (id, password, name, sure_name, gender, address_id, date_of_birth, email) VALUES (80, 'student_pass_66', 'Kasper', 'Ferreira', 'Female', 41, '2007-01-20', 'kasper.ferreira189@student.university.com');
INSERT INTO public.person (id, password, name, sure_name, gender, address_id, date_of_birth, email) VALUES (81, 'student_pass_67', 'Hugo', 'Esposito', 'Female', 93, '2004-01-20', 'hugo.esposito768@student.university.com');
INSERT INTO public.person (id, password, name, sure_name, gender, address_id, date_of_birth, email) VALUES (82, 'student_pass_68', 'Leopold', 'Dubois', 'Female', 138, '2004-01-20', 'leopold.dubois210@student.university.com');
INSERT INTO public.person (id, password, name, sure_name, gender, address_id, date_of_birth, email) VALUES (83, 'student_pass_69', 'Quentin', 'Dubois', 'Female', 16, '2003-01-20', 'quentin.dubois509@student.university.com');
INSERT INTO public.person (id, password, name, sure_name, gender, address_id, date_of_birth, email) VALUES (84, 'student_pass_70', 'Adrian', 'Petrov', 'Female', 86, '2005-01-20', 'adrian.petrov169@student.university.com');
INSERT INTO public.person (id, password, name, sure_name, gender, address_id, date_of_birth, email) VALUES (85, 'student_pass_71', 'Cillian', 'Hansen', 'Female', 96, '2004-01-20', 'cillian.hansen748@student.university.com');
INSERT INTO public.person (id, password, name, sure_name, gender, address_id, date_of_birth, email) VALUES (86, 'student_pass_72', 'Quentin', 'Gorski', 'Female', 93, '2007-01-20', 'quentin.gorski68@student.university.com');
INSERT INTO public.person (id, password, name, sure_name, gender, address_id, date_of_birth, email) VALUES (87, 'student_pass_73', 'Oscar', 'Novak', 'Female', 144, '2004-01-20', 'oscar.novak425@student.university.com');
INSERT INTO public.person (id, password, name, sure_name, gender, address_id, date_of_birth, email) VALUES (88, 'student_pass_74', 'Tristan', 'Adler', 'Female', 91, '2005-01-20', 'tristan.adler19@student.university.com');
INSERT INTO public.person (id, password, name, sure_name, gender, address_id, date_of_birth, email) VALUES (89, 'student_pass_75', 'Kasper', 'Ferreira', 'Male', 77, '2006-01-20', 'kasper.ferreira525@student.university.com');
INSERT INTO public.person (id, password, name, sure_name, gender, address_id, date_of_birth, email) VALUES (90, 'student_pass_76', 'Cillian', 'Esposito', 'Female', 94, '2007-01-20', 'cillian.esposito231@student.university.com');
INSERT INTO public.person (id, password, name, sure_name, gender, address_id, date_of_birth, email) VALUES (91, 'student_pass_77', 'Leopold', 'Gorski', 'Female', 39, '2007-01-20', 'leopold.gorski52@student.university.com');
INSERT INTO public.person (id, password, name, sure_name, gender, address_id, date_of_birth, email) VALUES (92, 'student_pass_78', 'Cillian', 'Petrov', 'Male', 139, '2007-01-20', 'cillian.petrov621@student.university.com');
INSERT INTO public.person (id, password, name, sure_name, gender, address_id, date_of_birth, email) VALUES (93, 'student_pass_79', 'Raphael', 'Esposito', 'Female', 101, '2005-01-20', 'raphael.esposito726@student.university.com');
INSERT INTO public.person (id, password, name, sure_name, gender, address_id, date_of_birth, email) VALUES (94, 'student_pass_80', 'Maxim', 'Jensen', 'Male', 39, '2002-01-20', 'maxim.jensen402@student.university.com');
INSERT INTO public.person (id, password, name, sure_name, gender, address_id, date_of_birth, email) VALUES (95, 'student_pass_81', 'Dante', 'Dubois', 'Male', 25, '2002-01-20', 'dante.dubois250@student.university.com');
INSERT INTO public.person (id, password, name, sure_name, gender, address_id, date_of_birth, email) VALUES (96, 'student_pass_82', 'Hugo', 'Becker', 'Female', 154, '2004-01-20', 'hugo.becker573@student.university.com');
INSERT INTO public.person (id, password, name, sure_name, gender, address_id, date_of_birth, email) VALUES (97, 'student_pass_83', 'Kasper', 'Jensen', 'Female', 154, '2007-01-20', 'kasper.jensen151@student.university.com');
INSERT INTO public.person (id, password, name, sure_name, gender, address_id, date_of_birth, email) VALUES (98, 'student_pass_84', 'Nicolas', 'Esposito', 'Female', 85, '2005-01-20', 'nicolas.esposito739@student.university.com');
INSERT INTO public.person (id, password, name, sure_name, gender, address_id, date_of_birth, email) VALUES (99, 'student_pass_85', 'Julian', 'Hansen', 'Female', 152, '2006-01-20', 'julian.hansen110@student.university.com');
INSERT INTO public.person (id, password, name, sure_name, gender, address_id, date_of_birth, email) VALUES (100, 'student_pass_86', 'Adrian', 'Gorski', 'Male', 157, '2003-01-20', 'adrian.gorski20@student.university.com');
INSERT INTO public.person (id, password, name, sure_name, gender, address_id, date_of_birth, email) VALUES (101, 'student_pass_87', 'Isaias', 'Becker', 'Male', 50, '2003-01-20', 'isaias.becker270@student.university.com');
INSERT INTO public.person (id, password, name, sure_name, gender, address_id, date_of_birth, email) VALUES (102, 'student_pass_88', 'Isaias', 'Novak', 'Female', 137, '2008-01-20', 'isaias.novak733@student.university.com');
INSERT INTO public.person (id, password, name, sure_name, gender, address_id, date_of_birth, email) VALUES (103, 'student_pass_89', 'Kasper', 'Moretti', 'Male', 11, '2006-01-20', 'kasper.moretti53@student.university.com');
INSERT INTO public.person (id, password, name, sure_name, gender, address_id, date_of_birth, email) VALUES (104, 'student_pass_90', 'Tristan', 'Dubois', 'Male', 13, '2004-01-20', 'tristan.dubois735@student.university.com');
INSERT INTO public.person (id, password, name, sure_name, gender, address_id, date_of_birth, email) VALUES (105, 'student_pass_91', 'Julian', 'Adler', 'Male', 2, '2005-01-20', 'julian.adler560@student.university.com');
INSERT INTO public.person (id, password, name, sure_name, gender, address_id, date_of_birth, email) VALUES (106, 'student_pass_92', 'Raphael', 'Esposito', 'Male', 66, '2002-01-20', 'raphael.esposito65@student.university.com');
INSERT INTO public.person (id, password, name, sure_name, gender, address_id, date_of_birth, email) VALUES (107, 'student_pass_93', 'Maxim', 'Petrov', 'Male', 104, '2003-01-20', 'maxim.petrov517@student.university.com');
INSERT INTO public.person (id, password, name, sure_name, gender, address_id, date_of_birth, email) VALUES (108, 'student_pass_94', 'Dante', 'Ito', 'Male', 133, '2006-01-20', 'dante.ito189@student.university.com');
INSERT INTO public.person (id, password, name, sure_name, gender, address_id, date_of_birth, email) VALUES (109, 'student_pass_95', 'Quentin', 'Adler', 'Male', 84, '2002-01-20', 'quentin.adler559@student.university.com');
INSERT INTO public.person (id, password, name, sure_name, gender, address_id, date_of_birth, email) VALUES (110, 'student_pass_96', 'Phineas', 'Petrov', 'Female', 4, '2002-01-20', 'phineas.petrov564@student.university.com');
INSERT INTO public.person (id, password, name, sure_name, gender, address_id, date_of_birth, email) VALUES (111, 'student_pass_97', 'Maxim', 'Schmidt', 'Female', 154, '2006-01-20', 'maxim.schmidt645@student.university.com');
INSERT INTO public.person (id, password, name, sure_name, gender, address_id, date_of_birth, email) VALUES (112, 'student_pass_98', 'Maxim', 'Tanaka', 'Female', 128, '2008-01-20', 'maxim.tanaka254@student.university.com');
INSERT INTO public.person (id, password, name, sure_name, gender, address_id, date_of_birth, email) VALUES (113, 'student_pass_99', 'Elian', 'Ferreira', 'Female', 98, '2007-01-20', 'elian.ferreira141@student.university.com');
INSERT INTO public.person (id, password, name, sure_name, gender, address_id, date_of_birth, email) VALUES (114, 'student_pass_100', 'Maxim', 'Kovacs', 'Male', 148, '2002-01-20', 'maxim.kovacs780@student.university.com');
INSERT INTO public.person (id, password, name, sure_name, gender, address_id, date_of_birth, email) VALUES (115, 'student_pass_101', 'Nicolas', 'Petrov', 'Female', 157, '2005-01-20', 'nicolas.petrov611@student.university.com');
INSERT INTO public.person (id, password, name, sure_name, gender, address_id, date_of_birth, email) VALUES (116, 'student_pass_102', 'Tristan', 'Rossi', 'Male', 92, '2007-01-20', 'tristan.rossi32@student.university.com');
INSERT INTO public.person (id, password, name, sure_name, gender, address_id, date_of_birth, email) VALUES (117, 'student_pass_103', 'Dante', 'Kovacs', 'Female', 90, '2004-01-20', 'dante.kovacs267@student.university.com');
INSERT INTO public.person (id, password, name, sure_name, gender, address_id, date_of_birth, email) VALUES (118, 'student_pass_104', 'Soren', 'Adler', 'Female', 154, '2003-01-20', 'soren.adler742@student.university.com');
INSERT INTO public.person (id, password, name, sure_name, gender, address_id, date_of_birth, email) VALUES (119, 'student_pass_105', 'Isaias', 'Novak', 'Male', 157, '2006-01-20', 'isaias.novak470@student.university.com');
INSERT INTO public.person (id, password, name, sure_name, gender, address_id, date_of_birth, email) VALUES (120, 'student_pass_106', 'Fabian', 'Gorski', 'Male', 155, '2002-01-20', 'fabian.gorski766@student.university.com');
INSERT INTO public.person (id, password, name, sure_name, gender, address_id, date_of_birth, email) VALUES (121, 'student_pass_107', 'Raphael', 'Novak', 'Male', 56, '2003-01-20', 'raphael.novak139@student.university.com');
INSERT INTO public.person (id, password, name, sure_name, gender, address_id, date_of_birth, email) VALUES (122, 'student_pass_108', 'Fabian', 'Kovacs', 'Male', 126, '2008-01-20', 'fabian.kovacs169@student.university.com');
INSERT INTO public.person (id, password, name, sure_name, gender, address_id, date_of_birth, email) VALUES (123, 'student_pass_109', 'Dante', 'Jensen', 'Male', 28, '2006-01-20', 'dante.jensen59@student.university.com');
INSERT INTO public.person (id, password, name, sure_name, gender, address_id, date_of_birth, email) VALUES (124, 'student_pass_110', 'Adrian', 'Esposito', 'Male', 93, '2004-01-20', 'adrian.esposito763@student.university.com');
INSERT INTO public.person (id, password, name, sure_name, gender, address_id, date_of_birth, email) VALUES (125, 'student_pass_111', 'Oscar', 'Novak', 'Male', 15, '2006-01-20', 'oscar.novak748@student.university.com');
INSERT INTO public.person (id, password, name, sure_name, gender, address_id, date_of_birth, email) VALUES (126, 'student_pass_112', 'Fabian', 'Schmidt', 'Female', 76, '2005-01-20', 'fabian.schmidt271@student.university.com');
INSERT INTO public.person (id, password, name, sure_name, gender, address_id, date_of_birth, email) VALUES (127, 'student_pass_113', 'Hugo', 'Quinn', 'Female', 73, '2007-01-20', 'hugo.quinn440@student.university.com');
INSERT INTO public.person (id, password, name, sure_name, gender, address_id, date_of_birth, email) VALUES (128, 'student_pass_114', 'Dante', 'Becker', 'Female', 135, '2006-01-20', 'dante.becker257@student.university.com');
INSERT INTO public.person (id, password, name, sure_name, gender, address_id, date_of_birth, email) VALUES (129, 'student_pass_115', 'Isaias', 'O''Sullivan', 'Female', 66, '2007-01-20', 'isaias.o''sullivan472@student.university.com');
INSERT INTO public.person (id, password, name, sure_name, gender, address_id, date_of_birth, email) VALUES (130, 'student_pass_116', 'Tristan', 'Esposito', 'Female', 18, '2002-01-20', 'tristan.esposito32@student.university.com');
INSERT INTO public.person (id, password, name, sure_name, gender, address_id, date_of_birth, email) VALUES (131, 'student_pass_117', 'Oscar', 'Gorski', 'Female', 74, '2005-01-20', 'oscar.gorski562@student.university.com');
INSERT INTO public.person (id, password, name, sure_name, gender, address_id, date_of_birth, email) VALUES (132, 'student_pass_118', 'Tristan', 'Moretti', 'Female', 128, '2008-01-20', 'tristan.moretti328@student.university.com');
INSERT INTO public.person (id, password, name, sure_name, gender, address_id, date_of_birth, email) VALUES (133, 'student_pass_119', 'Maxim', 'Schmidt', 'Female', 35, '2002-01-20', 'maxim.schmidt112@student.university.com');
INSERT INTO public.person (id, password, name, sure_name, gender, address_id, date_of_birth, email) VALUES (134, 'student_pass_120', 'Quentin', 'Tanaka', 'Male', 61, '2004-01-20', 'quentin.tanaka348@student.university.com');
INSERT INTO public.person (id, password, name, sure_name, gender, address_id, date_of_birth, email) VALUES (135, 'student_pass_121', 'Soren', 'Moretti', 'Female', 51, '2003-01-20', 'soren.moretti795@student.university.com');
INSERT INTO public.person (id, password, name, sure_name, gender, address_id, date_of_birth, email) VALUES (136, 'student_pass_122', 'Kasper', 'Larsen', 'Male', 79, '2002-01-20', 'kasper.larsen715@student.university.com');
INSERT INTO public.person (id, password, name, sure_name, gender, address_id, date_of_birth, email) VALUES (137, 'student_pass_123', 'Bastien', 'Moretti', 'Male', 123, '2008-01-20', 'bastien.moretti751@student.university.com');
INSERT INTO public.person (id, password, name, sure_name, gender, address_id, date_of_birth, email) VALUES (138, 'student_pass_124', 'Adrian', 'Petrov', 'Female', 64, '2006-01-20', 'adrian.petrov252@student.university.com');
INSERT INTO public.person (id, password, name, sure_name, gender, address_id, date_of_birth, email) VALUES (139, 'student_pass_125', 'Adrian', 'Ito', 'Female', 77, '2003-01-20', 'adrian.ito178@student.university.com');
INSERT INTO public.person (id, password, name, sure_name, gender, address_id, date_of_birth, email) VALUES (140, 'student_pass_126', 'Isaias', 'Kovacs', 'Male', 127, '2007-01-20', 'isaias.kovacs696@student.university.com');
INSERT INTO public.person (id, password, name, sure_name, gender, address_id, date_of_birth, email) VALUES (141, 'student_pass_127', 'Elian', 'Dubois', 'Male', 3, '2005-01-20', 'elian.dubois132@student.university.com');
INSERT INTO public.person (id, password, name, sure_name, gender, address_id, date_of_birth, email) VALUES (142, 'student_pass_128', 'Tristan', 'Hansen', 'Male', 45, '2005-01-20', 'tristan.hansen662@student.university.com');
INSERT INTO public.person (id, password, name, sure_name, gender, address_id, date_of_birth, email) VALUES (143, 'student_pass_129', 'Gideon', 'Hansen', 'Female', 50, '2004-01-20', 'gideon.hansen409@student.university.com');
INSERT INTO public.person (id, password, name, sure_name, gender, address_id, date_of_birth, email) VALUES (144, 'student_pass_130', 'Kasper', 'Jensen', 'Male', 92, '2007-01-20', 'kasper.jensen667@student.university.com');
INSERT INTO public.person (id, password, name, sure_name, gender, address_id, date_of_birth, email) VALUES (145, 'student_pass_131', 'Leopold', 'Chen', 'Female', 100, '2004-01-20', 'leopold.chen761@student.university.com');
INSERT INTO public.person (id, password, name, sure_name, gender, address_id, date_of_birth, email) VALUES (146, 'student_pass_132', 'Dante', 'O''Sullivan', 'Female', 122, '2002-01-20', 'dante.o''sullivan444@student.university.com');
INSERT INTO public.person (id, password, name, sure_name, gender, address_id, date_of_birth, email) VALUES (147, 'student_pass_133', 'Kasper', 'Rossi', 'Female', 76, '2003-01-20', 'kasper.rossi618@student.university.com');
INSERT INTO public.person (id, password, name, sure_name, gender, address_id, date_of_birth, email) VALUES (148, 'student_pass_134', 'Oscar', 'Moretti', 'Female', 116, '2008-01-20', 'oscar.moretti464@student.university.com');
INSERT INTO public.person (id, password, name, sure_name, gender, address_id, date_of_birth, email) VALUES (149, 'student_pass_135', 'Cillian', 'Becker', 'Male', 59, '2008-01-20', 'cillian.becker506@student.university.com');
INSERT INTO public.person (id, password, name, sure_name, gender, address_id, date_of_birth, email) VALUES (150, 'student_pass_136', 'Elian', 'Ferreira', 'Male', 158, '2002-01-20', 'elian.ferreira470@student.university.com');
INSERT INTO public.person (id, password, name, sure_name, gender, address_id, date_of_birth, email) VALUES (151, 'student_pass_137', 'Cillian', 'Gorski', 'Male', 57, '2005-01-20', 'cillian.gorski751@student.university.com');
INSERT INTO public.person (id, password, name, sure_name, gender, address_id, date_of_birth, email) VALUES (152, 'student_pass_138', 'Kasper', 'Esposito', 'Male', 23, '2008-01-20', 'kasper.esposito469@student.university.com');
INSERT INTO public.person (id, password, name, sure_name, gender, address_id, date_of_birth, email) VALUES (153, 'student_pass_139', 'Nicolas', 'Jensen', 'Female', 24, '2007-01-20', 'nicolas.jensen563@student.university.com');
INSERT INTO public.person (id, password, name, sure_name, gender, address_id, date_of_birth, email) VALUES (154, 'student_pass_140', 'Quentin', 'Chen', 'Female', 82, '2004-01-20', 'quentin.chen725@student.university.com');
INSERT INTO public.person (id, password, name, sure_name, gender, address_id, date_of_birth, email) VALUES (155, 'student_pass_141', 'Dante', 'Jensen', 'Male', 138, '2004-01-20', 'dante.jensen703@student.university.com');
INSERT INTO public.person (id, password, name, sure_name, gender, address_id, date_of_birth, email) VALUES (156, 'student_pass_142', 'Julian', 'Jensen', 'Male', 120, '2005-01-20', 'julian.jensen680@student.university.com');
INSERT INTO public.person (id, password, name, sure_name, gender, address_id, date_of_birth, email) VALUES (157, 'student_pass_143', 'Soren', 'Kovacs', 'Female', 90, '2004-01-20', 'soren.kovacs281@student.university.com');
INSERT INTO public.person (id, password, name, sure_name, gender, address_id, date_of_birth, email) VALUES (158, 'student_pass_144', 'Isaias', 'Novak', 'Male', 113, '2007-01-20', 'isaias.novak725@student.university.com');
INSERT INTO public.person (id, password, name, sure_name, gender, address_id, date_of_birth, email) VALUES (159, 'student_pass_145', 'Tristan', 'Larsen', 'Male', 160, '2007-01-20', 'tristan.larsen204@student.university.com');
INSERT INTO public.person (id, password, name, sure_name, gender, address_id, date_of_birth, email) VALUES (160, 'student_pass_146', 'Raphael', 'Becker', 'Female', 10, '2005-01-20', 'raphael.becker65@student.university.com');
INSERT INTO public.person (id, password, name, sure_name, gender, address_id, date_of_birth, email) VALUES (161, 'student_pass_147', 'Quentin', 'O''Sullivan', 'Male', 53, '2002-01-20', 'quentin.o''sullivan730@student.university.com');
INSERT INTO public.person (id, password, name, sure_name, gender, address_id, date_of_birth, email) VALUES (162, 'student_pass_148', 'Cillian', 'Chen', 'Male', 25, '2005-01-20', 'cillian.chen535@student.university.com');
INSERT INTO public.person (id, password, name, sure_name, gender, address_id, date_of_birth, email) VALUES (163, 'student_pass_149', 'Hugo', 'Tanaka', 'Male', 78, '2003-01-20', 'hugo.tanaka557@student.university.com');


--
-- Data for Name: lecturer; Type: TABLE DATA; Schema: public; Owner: postgres
--

INSERT INTO public.lecturer (id, salary) VALUES (1, 5744);
INSERT INTO public.lecturer (id, salary) VALUES (2, 3358);
INSERT INTO public.lecturer (id, salary) VALUES (3, 6318);
INSERT INTO public.lecturer (id, salary) VALUES (4, 4041);
INSERT INTO public.lecturer (id, salary) VALUES (5, 6155);
INSERT INTO public.lecturer (id, salary) VALUES (6, 4004);
INSERT INTO public.lecturer (id, salary) VALUES (7, 3440);
INSERT INTO public.lecturer (id, salary) VALUES (8, 4113);
INSERT INTO public.lecturer (id, salary) VALUES (9, 6626);
INSERT INTO public.lecturer (id, salary) VALUES (10, 3492);
INSERT INTO public.lecturer (id, salary) VALUES (11, 6747);
INSERT INTO public.lecturer (id, salary) VALUES (12, 6294);
INSERT INTO public.lecturer (id, salary) VALUES (13, 3882);


--
-- Data for Name: study_subject; Type: TABLE DATA; Schema: public; Owner: postgres
--

INSERT INTO public.study_subject (id, name) VALUES (1, 'Mathematics');
INSERT INTO public.study_subject (id, name) VALUES (2, 'Physics');
INSERT INTO public.study_subject (id, name) VALUES (3, 'Software Engineering');
INSERT INTO public.study_subject (id, name) VALUES (4, 'Procedural Programming');
INSERT INTO public.study_subject (id, name) VALUES (5, 'Discrete Math');
INSERT INTO public.study_subject (id, name) VALUES (6, 'Introduction To Speciality');
INSERT INTO public.study_subject (id, name) VALUES (7, 'Information Technologies');
INSERT INTO public.study_subject (id, name) VALUES (8, 'Philosophy');
INSERT INTO public.study_subject (id, name) VALUES (9, 'English Language');
INSERT INTO public.study_subject (id, name) VALUES (10, 'Computer Graphics');


--
-- Data for Name: lecturer_study_subject; Type: TABLE DATA; Schema: public; Owner: postgres
--

INSERT INTO public.lecturer_study_subject (lecturer_id, study_subject_id) VALUES (1, 3);
INSERT INTO public.lecturer_study_subject (lecturer_id, study_subject_id) VALUES (1, 6);
INSERT INTO public.lecturer_study_subject (lecturer_id, study_subject_id) VALUES (3, 9);
INSERT INTO public.lecturer_study_subject (lecturer_id, study_subject_id) VALUES (3, 4);
INSERT INTO public.lecturer_study_subject (lecturer_id, study_subject_id) VALUES (5, 9);
INSERT INTO public.lecturer_study_subject (lecturer_id, study_subject_id) VALUES (5, 3);
INSERT INTO public.lecturer_study_subject (lecturer_id, study_subject_id) VALUES (5, 8);
INSERT INTO public.lecturer_study_subject (lecturer_id, study_subject_id) VALUES (6, 5);
INSERT INTO public.lecturer_study_subject (lecturer_id, study_subject_id) VALUES (6, 2);
INSERT INTO public.lecturer_study_subject (lecturer_id, study_subject_id) VALUES (7, 1);
INSERT INTO public.lecturer_study_subject (lecturer_id, study_subject_id) VALUES (7, 6);
INSERT INTO public.lecturer_study_subject (lecturer_id, study_subject_id) VALUES (7, 8);
INSERT INTO public.lecturer_study_subject (lecturer_id, study_subject_id) VALUES (8, 10);
INSERT INTO public.lecturer_study_subject (lecturer_id, study_subject_id) VALUES (8, 2);
INSERT INTO public.lecturer_study_subject (lecturer_id, study_subject_id) VALUES (10, 7);
INSERT INTO public.lecturer_study_subject (lecturer_id, study_subject_id) VALUES (10, 3);
INSERT INTO public.lecturer_study_subject (lecturer_id, study_subject_id) VALUES (10, 5);


--
-- Data for Name: lesson; Type: TABLE DATA; Schema: public; Owner: postgres
--

INSERT INTO public.lesson (id, duration_id, study_subject_id, group_id, lecturer_id, class_room_id, date) VALUES (1, 6, 5, 1, 10, 20, '2026-01-20');
INSERT INTO public.lesson (id, duration_id, study_subject_id, group_id, lecturer_id, class_room_id, date) VALUES (2, 4, 6, 1, 7, 23, '2026-01-20');
INSERT INTO public.lesson (id, duration_id, study_subject_id, group_id, lecturer_id, class_room_id, date) VALUES (3, 5, 8, 1, 5, 21, '2026-01-20');
INSERT INTO public.lesson (id, duration_id, study_subject_id, group_id, lecturer_id, class_room_id, date) VALUES (4, 3, 2, 1, 8, 9, '2026-01-20');
INSERT INTO public.lesson (id, duration_id, study_subject_id, group_id, lecturer_id, class_room_id, date) VALUES (5, 4, 8, 1, 5, 25, '2026-01-21');
INSERT INTO public.lesson (id, duration_id, study_subject_id, group_id, lecturer_id, class_room_id, date) VALUES (6, 2, 1, 1, 7, 3, '2026-01-21');
INSERT INTO public.lesson (id, duration_id, study_subject_id, group_id, lecturer_id, class_room_id, date) VALUES (7, 3, 10, 1, 8, 39, '2026-01-21');
INSERT INTO public.lesson (id, duration_id, study_subject_id, group_id, lecturer_id, class_room_id, date) VALUES (8, 1, 6, 1, 1, 23, '2026-01-22');
INSERT INTO public.lesson (id, duration_id, study_subject_id, group_id, lecturer_id, class_room_id, date) VALUES (9, 3, 3, 1, 5, 6, '2026-01-22');
INSERT INTO public.lesson (id, duration_id, study_subject_id, group_id, lecturer_id, class_room_id, date) VALUES (10, 2, 5, 1, 10, 10, '2026-01-23');
INSERT INTO public.lesson (id, duration_id, study_subject_id, group_id, lecturer_id, class_room_id, date) VALUES (11, 6, 5, 1, 6, 47, '2026-01-23');
INSERT INTO public.lesson (id, duration_id, study_subject_id, group_id, lecturer_id, class_room_id, date) VALUES (12, 3, 5, 1, 6, 19, '2026-01-26');
INSERT INTO public.lesson (id, duration_id, study_subject_id, group_id, lecturer_id, class_room_id, date) VALUES (13, 4, 4, 1, 3, 7, '2026-01-26');
INSERT INTO public.lesson (id, duration_id, study_subject_id, group_id, lecturer_id, class_room_id, date) VALUES (14, 5, 7, 1, 10, 4, '2026-01-26');
INSERT INTO public.lesson (id, duration_id, study_subject_id, group_id, lecturer_id, class_room_id, date) VALUES (15, 5, 4, 1, 3, 45, '2026-01-27');
INSERT INTO public.lesson (id, duration_id, study_subject_id, group_id, lecturer_id, class_room_id, date) VALUES (16, 2, 3, 1, 5, 10, '2026-01-27');
INSERT INTO public.lesson (id, duration_id, study_subject_id, group_id, lecturer_id, class_room_id, date) VALUES (17, 6, 10, 1, 8, 29, '2026-01-28');
INSERT INTO public.lesson (id, duration_id, study_subject_id, group_id, lecturer_id, class_room_id, date) VALUES (18, 4, 4, 1, 3, 50, '2026-01-28');
INSERT INTO public.lesson (id, duration_id, study_subject_id, group_id, lecturer_id, class_room_id, date) VALUES (19, 3, 3, 1, 5, 6, '2026-01-28');
INSERT INTO public.lesson (id, duration_id, study_subject_id, group_id, lecturer_id, class_room_id, date) VALUES (20, 4, 1, 1, 7, 2, '2026-01-29');
INSERT INTO public.lesson (id, duration_id, study_subject_id, group_id, lecturer_id, class_room_id, date) VALUES (21, 3, 6, 1, 1, 49, '2026-01-29');
INSERT INTO public.lesson (id, duration_id, study_subject_id, group_id, lecturer_id, class_room_id, date) VALUES (22, 6, 1, 1, 7, 22, '2026-01-30');
INSERT INTO public.lesson (id, duration_id, study_subject_id, group_id, lecturer_id, class_room_id, date) VALUES (23, 3, 10, 1, 8, 46, '2026-01-30');
INSERT INTO public.lesson (id, duration_id, study_subject_id, group_id, lecturer_id, class_room_id, date) VALUES (24, 4, 7, 1, 10, 44, '2026-01-30');
INSERT INTO public.lesson (id, duration_id, study_subject_id, group_id, lecturer_id, class_room_id, date) VALUES (25, 2, 5, 1, 6, 4, '2026-02-02');
INSERT INTO public.lesson (id, duration_id, study_subject_id, group_id, lecturer_id, class_room_id, date) VALUES (26, 5, 3, 1, 10, 26, '2026-02-02');
INSERT INTO public.lesson (id, duration_id, study_subject_id, group_id, lecturer_id, class_room_id, date) VALUES (27, 3, 5, 1, 6, 46, '2026-02-03');
INSERT INTO public.lesson (id, duration_id, study_subject_id, group_id, lecturer_id, class_room_id, date) VALUES (28, 1, 7, 1, 10, 35, '2026-02-03');
INSERT INTO public.lesson (id, duration_id, study_subject_id, group_id, lecturer_id, class_room_id, date) VALUES (29, 5, 10, 1, 8, 18, '2026-02-03');
INSERT INTO public.lesson (id, duration_id, study_subject_id, group_id, lecturer_id, class_room_id, date) VALUES (30, 3, 6, 1, 1, 2, '2026-02-04');
INSERT INTO public.lesson (id, duration_id, study_subject_id, group_id, lecturer_id, class_room_id, date) VALUES (31, 1, 5, 1, 10, 9, '2026-02-04');
INSERT INTO public.lesson (id, duration_id, study_subject_id, group_id, lecturer_id, class_room_id, date) VALUES (32, 2, 5, 1, 6, 43, '2026-02-04');
INSERT INTO public.lesson (id, duration_id, study_subject_id, group_id, lecturer_id, class_room_id, date) VALUES (33, 5, 2, 1, 8, 15, '2026-02-04');
INSERT INTO public.lesson (id, duration_id, study_subject_id, group_id, lecturer_id, class_room_id, date) VALUES (34, 5, 7, 1, 10, 28, '2026-02-05');
INSERT INTO public.lesson (id, duration_id, study_subject_id, group_id, lecturer_id, class_room_id, date) VALUES (35, 1, 10, 1, 8, 47, '2026-02-05');
INSERT INTO public.lesson (id, duration_id, study_subject_id, group_id, lecturer_id, class_room_id, date) VALUES (36, 2, 5, 1, 10, 18, '2026-02-06');
INSERT INTO public.lesson (id, duration_id, study_subject_id, group_id, lecturer_id, class_room_id, date) VALUES (37, 1, 10, 1, 8, 49, '2026-02-06');
INSERT INTO public.lesson (id, duration_id, study_subject_id, group_id, lecturer_id, class_room_id, date) VALUES (38, 3, 6, 1, 7, 22, '2026-02-06');
INSERT INTO public.lesson (id, duration_id, study_subject_id, group_id, lecturer_id, class_room_id, date) VALUES (39, 5, 8, 1, 5, 25, '2026-02-06');
INSERT INTO public.lesson (id, duration_id, study_subject_id, group_id, lecturer_id, class_room_id, date) VALUES (40, 1, 1, 1, 7, 20, '2026-02-09');
INSERT INTO public.lesson (id, duration_id, study_subject_id, group_id, lecturer_id, class_room_id, date) VALUES (41, 2, 2, 1, 6, 15, '2026-02-09');
INSERT INTO public.lesson (id, duration_id, study_subject_id, group_id, lecturer_id, class_room_id, date) VALUES (42, 6, 2, 1, 8, 49, '2026-02-09');
INSERT INTO public.lesson (id, duration_id, study_subject_id, group_id, lecturer_id, class_room_id, date) VALUES (43, 5, 7, 1, 10, 46, '2026-02-10');
INSERT INTO public.lesson (id, duration_id, study_subject_id, group_id, lecturer_id, class_room_id, date) VALUES (44, 6, 10, 1, 8, 23, '2026-02-10');
INSERT INTO public.lesson (id, duration_id, study_subject_id, group_id, lecturer_id, class_room_id, date) VALUES (45, 3, 3, 1, 5, 41, '2026-02-10');
INSERT INTO public.lesson (id, duration_id, study_subject_id, group_id, lecturer_id, class_room_id, date) VALUES (46, 1, 8, 1, 7, 35, '2026-02-10');
INSERT INTO public.lesson (id, duration_id, study_subject_id, group_id, lecturer_id, class_room_id, date) VALUES (47, 4, 7, 1, 10, 32, '2026-02-11');
INSERT INTO public.lesson (id, duration_id, study_subject_id, group_id, lecturer_id, class_room_id, date) VALUES (48, 2, 4, 1, 3, 27, '2026-02-11');
INSERT INTO public.lesson (id, duration_id, study_subject_id, group_id, lecturer_id, class_room_id, date) VALUES (49, 5, 9, 1, 3, 47, '2026-02-12');
INSERT INTO public.lesson (id, duration_id, study_subject_id, group_id, lecturer_id, class_room_id, date) VALUES (50, 4, 10, 1, 8, 8, '2026-02-12');
INSERT INTO public.lesson (id, duration_id, study_subject_id, group_id, lecturer_id, class_room_id, date) VALUES (51, 6, 3, 1, 10, 17, '2026-02-12');
INSERT INTO public.lesson (id, duration_id, study_subject_id, group_id, lecturer_id, class_room_id, date) VALUES (52, 4, 1, 1, 7, 16, '2026-02-13');
INSERT INTO public.lesson (id, duration_id, study_subject_id, group_id, lecturer_id, class_room_id, date) VALUES (53, 1, 2, 1, 8, 6, '2026-02-13');
INSERT INTO public.lesson (id, duration_id, study_subject_id, group_id, lecturer_id, class_room_id, date) VALUES (54, 3, 2, 1, 6, 46, '2026-02-16');
INSERT INTO public.lesson (id, duration_id, study_subject_id, group_id, lecturer_id, class_room_id, date) VALUES (55, 1, 6, 1, 7, 16, '2026-02-16');
INSERT INTO public.lesson (id, duration_id, study_subject_id, group_id, lecturer_id, class_room_id, date) VALUES (56, 5, 9, 1, 5, 45, '2026-02-16');
INSERT INTO public.lesson (id, duration_id, study_subject_id, group_id, lecturer_id, class_room_id, date) VALUES (57, 3, 3, 2, 5, 13, '2026-01-20');
INSERT INTO public.lesson (id, duration_id, study_subject_id, group_id, lecturer_id, class_room_id, date) VALUES (58, 5, 8, 2, 7, 47, '2026-01-20');
INSERT INTO public.lesson (id, duration_id, study_subject_id, group_id, lecturer_id, class_room_id, date) VALUES (59, 3, 9, 2, 3, 11, '2026-01-21');
INSERT INTO public.lesson (id, duration_id, study_subject_id, group_id, lecturer_id, class_room_id, date) VALUES (60, 4, 3, 2, 10, 38, '2026-01-21');
INSERT INTO public.lesson (id, duration_id, study_subject_id, group_id, lecturer_id, class_room_id, date) VALUES (61, 1, 8, 2, 5, 23, '2026-01-21');
INSERT INTO public.lesson (id, duration_id, study_subject_id, group_id, lecturer_id, class_room_id, date) VALUES (62, 6, 7, 2, 10, 3, '2026-01-22');
INSERT INTO public.lesson (id, duration_id, study_subject_id, group_id, lecturer_id, class_room_id, date) VALUES (63, 1, 6, 2, 7, 18, '2026-01-22');
INSERT INTO public.lesson (id, duration_id, study_subject_id, group_id, lecturer_id, class_room_id, date) VALUES (64, 2, 4, 2, 3, 20, '2026-01-22');
INSERT INTO public.lesson (id, duration_id, study_subject_id, group_id, lecturer_id, class_room_id, date) VALUES (65, 5, 5, 2, 6, 24, '2026-01-23');
INSERT INTO public.lesson (id, duration_id, study_subject_id, group_id, lecturer_id, class_room_id, date) VALUES (66, 1, 7, 2, 10, 26, '2026-01-23');
INSERT INTO public.lesson (id, duration_id, study_subject_id, group_id, lecturer_id, class_room_id, date) VALUES (67, 4, 1, 2, 7, 32, '2026-01-26');
INSERT INTO public.lesson (id, duration_id, study_subject_id, group_id, lecturer_id, class_room_id, date) VALUES (68, 5, 7, 2, 10, 25, '2026-01-26');
INSERT INTO public.lesson (id, duration_id, study_subject_id, group_id, lecturer_id, class_room_id, date) VALUES (69, 2, 9, 2, 3, 50, '2026-01-27');
INSERT INTO public.lesson (id, duration_id, study_subject_id, group_id, lecturer_id, class_room_id, date) VALUES (70, 1, 9, 2, 5, 41, '2026-01-27');
INSERT INTO public.lesson (id, duration_id, study_subject_id, group_id, lecturer_id, class_room_id, date) VALUES (71, 4, 3, 2, 10, 11, '2026-01-27');
INSERT INTO public.lesson (id, duration_id, study_subject_id, group_id, lecturer_id, class_room_id, date) VALUES (72, 5, 4, 2, 3, 32, '2026-01-28');
INSERT INTO public.lesson (id, duration_id, study_subject_id, group_id, lecturer_id, class_room_id, date) VALUES (73, 3, 2, 2, 6, 16, '2026-01-28');
INSERT INTO public.lesson (id, duration_id, study_subject_id, group_id, lecturer_id, class_room_id, date) VALUES (74, 4, 5, 2, 10, 31, '2026-01-28');
INSERT INTO public.lesson (id, duration_id, study_subject_id, group_id, lecturer_id, class_room_id, date) VALUES (75, 1, 10, 2, 8, 22, '2026-01-29');
INSERT INTO public.lesson (id, duration_id, study_subject_id, group_id, lecturer_id, class_room_id, date) VALUES (76, 5, 1, 2, 7, 48, '2026-01-29');
INSERT INTO public.lesson (id, duration_id, study_subject_id, group_id, lecturer_id, class_room_id, date) VALUES (77, 2, 5, 2, 6, 14, '2026-01-29');
INSERT INTO public.lesson (id, duration_id, study_subject_id, group_id, lecturer_id, class_room_id, date) VALUES (78, 3, 1, 2, 7, 41, '2026-01-30');
INSERT INTO public.lesson (id, duration_id, study_subject_id, group_id, lecturer_id, class_room_id, date) VALUES (79, 5, 2, 2, 8, 46, '2026-01-30');
INSERT INTO public.lesson (id, duration_id, study_subject_id, group_id, lecturer_id, class_room_id, date) VALUES (80, 4, 7, 2, 10, 13, '2026-02-02');
INSERT INTO public.lesson (id, duration_id, study_subject_id, group_id, lecturer_id, class_room_id, date) VALUES (81, 6, 3, 2, 1, 27, '2026-02-02');
INSERT INTO public.lesson (id, duration_id, study_subject_id, group_id, lecturer_id, class_room_id, date) VALUES (82, 1, 2, 2, 8, 8, '2026-02-02');
INSERT INTO public.lesson (id, duration_id, study_subject_id, group_id, lecturer_id, class_room_id, date) VALUES (83, 3, 2, 2, 6, 44, '2026-02-02');
INSERT INTO public.lesson (id, duration_id, study_subject_id, group_id, lecturer_id, class_room_id, date) VALUES (84, 1, 4, 2, 3, 29, '2026-02-03');
INSERT INTO public.lesson (id, duration_id, study_subject_id, group_id, lecturer_id, class_room_id, date) VALUES (85, 5, 9, 2, 5, 45, '2026-02-03');
INSERT INTO public.lesson (id, duration_id, study_subject_id, group_id, lecturer_id, class_room_id, date) VALUES (86, 4, 6, 2, 1, 23, '2026-02-03');
INSERT INTO public.lesson (id, duration_id, study_subject_id, group_id, lecturer_id, class_room_id, date) VALUES (87, 2, 8, 2, 7, 19, '2026-02-03');
INSERT INTO public.lesson (id, duration_id, study_subject_id, group_id, lecturer_id, class_room_id, date) VALUES (88, 6, 9, 2, 3, 22, '2026-02-04');
INSERT INTO public.lesson (id, duration_id, study_subject_id, group_id, lecturer_id, class_room_id, date) VALUES (89, 3, 5, 2, 10, 8, '2026-02-04');
INSERT INTO public.lesson (id, duration_id, study_subject_id, group_id, lecturer_id, class_room_id, date) VALUES (90, 1, 9, 2, 5, 24, '2026-02-04');
INSERT INTO public.lesson (id, duration_id, study_subject_id, group_id, lecturer_id, class_room_id, date) VALUES (91, 3, 2, 2, 8, 1, '2026-02-05');
INSERT INTO public.lesson (id, duration_id, study_subject_id, group_id, lecturer_id, class_room_id, date) VALUES (92, 1, 4, 2, 3, 46, '2026-02-05');
INSERT INTO public.lesson (id, duration_id, study_subject_id, group_id, lecturer_id, class_room_id, date) VALUES (93, 5, 7, 2, 10, 38, '2026-02-06');
INSERT INTO public.lesson (id, duration_id, study_subject_id, group_id, lecturer_id, class_room_id, date) VALUES (94, 3, 8, 2, 7, 3, '2026-02-06');
INSERT INTO public.lesson (id, duration_id, study_subject_id, group_id, lecturer_id, class_room_id, date) VALUES (95, 4, 2, 2, 6, 20, '2026-02-06');
INSERT INTO public.lesson (id, duration_id, study_subject_id, group_id, lecturer_id, class_room_id, date) VALUES (96, 1, 8, 2, 5, 2, '2026-02-06');
INSERT INTO public.lesson (id, duration_id, study_subject_id, group_id, lecturer_id, class_room_id, date) VALUES (97, 1, 2, 2, 8, 1, '2026-02-09');
INSERT INTO public.lesson (id, duration_id, study_subject_id, group_id, lecturer_id, class_room_id, date) VALUES (98, 6, 4, 2, 3, 38, '2026-02-09');
INSERT INTO public.lesson (id, duration_id, study_subject_id, group_id, lecturer_id, class_room_id, date) VALUES (99, 2, 5, 2, 10, 18, '2026-02-09');
INSERT INTO public.lesson (id, duration_id, study_subject_id, group_id, lecturer_id, class_room_id, date) VALUES (100, 2, 10, 2, 8, 9, '2026-02-10');
INSERT INTO public.lesson (id, duration_id, study_subject_id, group_id, lecturer_id, class_room_id, date) VALUES (101, 4, 2, 2, 6, 31, '2026-02-10');
INSERT INTO public.lesson (id, duration_id, study_subject_id, group_id, lecturer_id, class_room_id, date) VALUES (102, 1, 5, 2, 10, 13, '2026-02-10');
INSERT INTO public.lesson (id, duration_id, study_subject_id, group_id, lecturer_id, class_room_id, date) VALUES (103, 6, 8, 2, 5, 14, '2026-02-10');
INSERT INTO public.lesson (id, duration_id, study_subject_id, group_id, lecturer_id, class_room_id, date) VALUES (104, 1, 1, 2, 7, 25, '2026-02-11');
INSERT INTO public.lesson (id, duration_id, study_subject_id, group_id, lecturer_id, class_room_id, date) VALUES (105, 5, 5, 2, 6, 36, '2026-02-11');
INSERT INTO public.lesson (id, duration_id, study_subject_id, group_id, lecturer_id, class_room_id, date) VALUES (106, 1, 6, 2, 1, 43, '2026-02-12');
INSERT INTO public.lesson (id, duration_id, study_subject_id, group_id, lecturer_id, class_room_id, date) VALUES (107, 6, 1, 2, 7, 33, '2026-02-12');
INSERT INTO public.lesson (id, duration_id, study_subject_id, group_id, lecturer_id, class_room_id, date) VALUES (108, 5, 4, 2, 3, 3, '2026-02-12');
INSERT INTO public.lesson (id, duration_id, study_subject_id, group_id, lecturer_id, class_room_id, date) VALUES (109, 4, 9, 2, 5, 23, '2026-02-12');
INSERT INTO public.lesson (id, duration_id, study_subject_id, group_id, lecturer_id, class_room_id, date) VALUES (110, 5, 5, 2, 10, 24, '2026-02-13');
INSERT INTO public.lesson (id, duration_id, study_subject_id, group_id, lecturer_id, class_room_id, date) VALUES (111, 3, 9, 2, 3, 17, '2026-02-13');
INSERT INTO public.lesson (id, duration_id, study_subject_id, group_id, lecturer_id, class_room_id, date) VALUES (112, 1, 8, 2, 5, 31, '2026-02-13');
INSERT INTO public.lesson (id, duration_id, study_subject_id, group_id, lecturer_id, class_room_id, date) VALUES (113, 6, 5, 2, 6, 29, '2026-02-13');
INSERT INTO public.lesson (id, duration_id, study_subject_id, group_id, lecturer_id, class_room_id, date) VALUES (114, 3, 3, 2, 1, 33, '2026-02-16');
INSERT INTO public.lesson (id, duration_id, study_subject_id, group_id, lecturer_id, class_room_id, date) VALUES (115, 4, 1, 2, 7, 20, '2026-02-16');
INSERT INTO public.lesson (id, duration_id, study_subject_id, group_id, lecturer_id, class_room_id, date) VALUES (116, 2, 5, 2, 10, 26, '2026-02-16');
INSERT INTO public.lesson (id, duration_id, study_subject_id, group_id, lecturer_id, class_room_id, date) VALUES (117, 1, 5, 3, 6, 16, '2026-01-20');
INSERT INTO public.lesson (id, duration_id, study_subject_id, group_id, lecturer_id, class_room_id, date) VALUES (118, 2, 10, 3, 8, 21, '2026-01-20');
INSERT INTO public.lesson (id, duration_id, study_subject_id, group_id, lecturer_id, class_room_id, date) VALUES (119, 6, 6, 3, 7, 32, '2026-01-20');
INSERT INTO public.lesson (id, duration_id, study_subject_id, group_id, lecturer_id, class_room_id, date) VALUES (120, 5, 2, 3, 8, 17, '2026-01-21');
INSERT INTO public.lesson (id, duration_id, study_subject_id, group_id, lecturer_id, class_room_id, date) VALUES (121, 3, 7, 3, 10, 12, '2026-01-21');
INSERT INTO public.lesson (id, duration_id, study_subject_id, group_id, lecturer_id, class_room_id, date) VALUES (122, 6, 1, 3, 7, 16, '2026-01-22');
INSERT INTO public.lesson (id, duration_id, study_subject_id, group_id, lecturer_id, class_room_id, date) VALUES (123, 2, 7, 3, 10, 24, '2026-01-22');
INSERT INTO public.lesson (id, duration_id, study_subject_id, group_id, lecturer_id, class_room_id, date) VALUES (124, 1, 10, 3, 8, 30, '2026-01-22');
INSERT INTO public.lesson (id, duration_id, study_subject_id, group_id, lecturer_id, class_room_id, date) VALUES (125, 2, 5, 3, 6, 33, '2026-01-23');
INSERT INTO public.lesson (id, duration_id, study_subject_id, group_id, lecturer_id, class_room_id, date) VALUES (126, 1, 1, 3, 7, 48, '2026-01-23');
INSERT INTO public.lesson (id, duration_id, study_subject_id, group_id, lecturer_id, class_room_id, date) VALUES (127, 3, 9, 3, 5, 12, '2026-01-23');
INSERT INTO public.lesson (id, duration_id, study_subject_id, group_id, lecturer_id, class_room_id, date) VALUES (128, 5, 2, 3, 8, 6, '2026-01-23');
INSERT INTO public.lesson (id, duration_id, study_subject_id, group_id, lecturer_id, class_room_id, date) VALUES (129, 2, 7, 3, 10, 12, '2026-01-26');
INSERT INTO public.lesson (id, duration_id, study_subject_id, group_id, lecturer_id, class_room_id, date) VALUES (130, 4, 4, 3, 3, 36, '2026-01-26');
INSERT INTO public.lesson (id, duration_id, study_subject_id, group_id, lecturer_id, class_room_id, date) VALUES (131, 4, 5, 3, 10, 36, '2026-01-27');
INSERT INTO public.lesson (id, duration_id, study_subject_id, group_id, lecturer_id, class_room_id, date) VALUES (132, 6, 1, 3, 7, 12, '2026-01-27');
INSERT INTO public.lesson (id, duration_id, study_subject_id, group_id, lecturer_id, class_room_id, date) VALUES (133, 2, 6, 3, 1, 10, '2026-01-27');
INSERT INTO public.lesson (id, duration_id, study_subject_id, group_id, lecturer_id, class_room_id, date) VALUES (134, 5, 8, 3, 5, 45, '2026-01-27');
INSERT INTO public.lesson (id, duration_id, study_subject_id, group_id, lecturer_id, class_room_id, date) VALUES (135, 5, 4, 3, 3, 44, '2026-01-28');
INSERT INTO public.lesson (id, duration_id, study_subject_id, group_id, lecturer_id, class_room_id, date) VALUES (136, 3, 8, 3, 7, 27, '2026-01-28');
INSERT INTO public.lesson (id, duration_id, study_subject_id, group_id, lecturer_id, class_room_id, date) VALUES (137, 6, 6, 3, 1, 7, '2026-01-28');
INSERT INTO public.lesson (id, duration_id, study_subject_id, group_id, lecturer_id, class_room_id, date) VALUES (138, 5, 10, 3, 8, 50, '2026-01-29');
INSERT INTO public.lesson (id, duration_id, study_subject_id, group_id, lecturer_id, class_room_id, date) VALUES (139, 6, 7, 3, 10, 28, '2026-01-29');
INSERT INTO public.lesson (id, duration_id, study_subject_id, group_id, lecturer_id, class_room_id, date) VALUES (140, 3, 8, 3, 5, 11, '2026-01-29');
INSERT INTO public.lesson (id, duration_id, study_subject_id, group_id, lecturer_id, class_room_id, date) VALUES (141, 1, 2, 3, 6, 50, '2026-01-30');
INSERT INTO public.lesson (id, duration_id, study_subject_id, group_id, lecturer_id, class_room_id, date) VALUES (142, 3, 5, 3, 10, 11, '2026-01-30');
INSERT INTO public.lesson (id, duration_id, study_subject_id, group_id, lecturer_id, class_room_id, date) VALUES (143, 2, 4, 3, 3, 33, '2026-01-30');
INSERT INTO public.lesson (id, duration_id, study_subject_id, group_id, lecturer_id, class_room_id, date) VALUES (144, 6, 2, 3, 8, 30, '2026-01-30');
INSERT INTO public.lesson (id, duration_id, study_subject_id, group_id, lecturer_id, class_room_id, date) VALUES (145, 4, 2, 3, 8, 48, '2026-02-02');
INSERT INTO public.lesson (id, duration_id, study_subject_id, group_id, lecturer_id, class_room_id, date) VALUES (146, 6, 1, 3, 7, 4, '2026-02-02');
INSERT INTO public.lesson (id, duration_id, study_subject_id, group_id, lecturer_id, class_room_id, date) VALUES (147, 2, 7, 3, 10, 30, '2026-02-02');
INSERT INTO public.lesson (id, duration_id, study_subject_id, group_id, lecturer_id, class_room_id, date) VALUES (148, 6, 2, 3, 6, 45, '2026-02-03');
INSERT INTO public.lesson (id, duration_id, study_subject_id, group_id, lecturer_id, class_room_id, date) VALUES (149, 3, 1, 3, 7, 40, '2026-02-03');
INSERT INTO public.lesson (id, duration_id, study_subject_id, group_id, lecturer_id, class_room_id, date) VALUES (150, 1, 4, 3, 3, 4, '2026-02-03');
INSERT INTO public.lesson (id, duration_id, study_subject_id, group_id, lecturer_id, class_room_id, date) VALUES (151, 3, 10, 3, 8, 28, '2026-02-04');
INSERT INTO public.lesson (id, duration_id, study_subject_id, group_id, lecturer_id, class_room_id, date) VALUES (152, 2, 1, 3, 7, 48, '2026-02-04');
INSERT INTO public.lesson (id, duration_id, study_subject_id, group_id, lecturer_id, class_room_id, date) VALUES (153, 4, 5, 3, 6, 37, '2026-02-05');
INSERT INTO public.lesson (id, duration_id, study_subject_id, group_id, lecturer_id, class_room_id, date) VALUES (154, 3, 1, 3, 7, 24, '2026-02-05');
INSERT INTO public.lesson (id, duration_id, study_subject_id, group_id, lecturer_id, class_room_id, date) VALUES (155, 3, 8, 3, 7, 46, '2026-02-06');
INSERT INTO public.lesson (id, duration_id, study_subject_id, group_id, lecturer_id, class_room_id, date) VALUES (156, 4, 6, 3, 1, 22, '2026-02-06');
INSERT INTO public.lesson (id, duration_id, study_subject_id, group_id, lecturer_id, class_room_id, date) VALUES (157, 2, 8, 3, 5, 2, '2026-02-06');
INSERT INTO public.lesson (id, duration_id, study_subject_id, group_id, lecturer_id, class_room_id, date) VALUES (158, 3, 3, 3, 5, 31, '2026-02-09');
INSERT INTO public.lesson (id, duration_id, study_subject_id, group_id, lecturer_id, class_room_id, date) VALUES (159, 6, 10, 3, 8, 19, '2026-02-09');
INSERT INTO public.lesson (id, duration_id, study_subject_id, group_id, lecturer_id, class_room_id, date) VALUES (160, 5, 4, 3, 3, 25, '2026-02-09');
INSERT INTO public.lesson (id, duration_id, study_subject_id, group_id, lecturer_id, class_room_id, date) VALUES (161, 4, 2, 3, 6, 42, '2026-02-10');
INSERT INTO public.lesson (id, duration_id, study_subject_id, group_id, lecturer_id, class_room_id, date) VALUES (162, 1, 4, 3, 3, 7, '2026-02-10');
INSERT INTO public.lesson (id, duration_id, study_subject_id, group_id, lecturer_id, class_room_id, date) VALUES (163, 6, 3, 3, 5, 30, '2026-02-10');
INSERT INTO public.lesson (id, duration_id, study_subject_id, group_id, lecturer_id, class_room_id, date) VALUES (164, 2, 1, 3, 7, 49, '2026-02-10');
INSERT INTO public.lesson (id, duration_id, study_subject_id, group_id, lecturer_id, class_room_id, date) VALUES (165, 5, 8, 3, 7, 11, '2026-02-11');
INSERT INTO public.lesson (id, duration_id, study_subject_id, group_id, lecturer_id, class_room_id, date) VALUES (166, 6, 4, 3, 3, 43, '2026-02-11');
INSERT INTO public.lesson (id, duration_id, study_subject_id, group_id, lecturer_id, class_room_id, date) VALUES (167, 2, 7, 3, 10, 43, '2026-02-12');
INSERT INTO public.lesson (id, duration_id, study_subject_id, group_id, lecturer_id, class_room_id, date) VALUES (168, 4, 6, 3, 7, 36, '2026-02-12');
INSERT INTO public.lesson (id, duration_id, study_subject_id, group_id, lecturer_id, class_room_id, date) VALUES (169, 3, 8, 3, 5, 8, '2026-02-12');
INSERT INTO public.lesson (id, duration_id, study_subject_id, group_id, lecturer_id, class_room_id, date) VALUES (170, 2, 3, 3, 1, 12, '2026-02-13');
INSERT INTO public.lesson (id, duration_id, study_subject_id, group_id, lecturer_id, class_room_id, date) VALUES (171, 1, 10, 3, 8, 15, '2026-02-13');
INSERT INTO public.lesson (id, duration_id, study_subject_id, group_id, lecturer_id, class_room_id, date) VALUES (172, 5, 2, 3, 6, 2, '2026-02-13');
INSERT INTO public.lesson (id, duration_id, study_subject_id, group_id, lecturer_id, class_room_id, date) VALUES (173, 6, 9, 3, 3, 19, '2026-02-13');
INSERT INTO public.lesson (id, duration_id, study_subject_id, group_id, lecturer_id, class_room_id, date) VALUES (174, 4, 9, 3, 5, 49, '2026-02-16');
INSERT INTO public.lesson (id, duration_id, study_subject_id, group_id, lecturer_id, class_room_id, date) VALUES (175, 2, 3, 3, 10, 47, '2026-02-16');
INSERT INTO public.lesson (id, duration_id, study_subject_id, group_id, lecturer_id, class_room_id, date) VALUES (176, 6, 1, 3, 7, 1, '2026-02-16');
INSERT INTO public.lesson (id, duration_id, study_subject_id, group_id, lecturer_id, class_room_id, date) VALUES (177, 5, 4, 3, 3, 29, '2026-02-16');
INSERT INTO public.lesson (id, duration_id, study_subject_id, group_id, lecturer_id, class_room_id, date) VALUES (178, 1, 10, 4, 8, 46, '2026-01-20');
INSERT INTO public.lesson (id, duration_id, study_subject_id, group_id, lecturer_id, class_room_id, date) VALUES (179, 6, 3, 4, 10, 5, '2026-01-20');
INSERT INTO public.lesson (id, duration_id, study_subject_id, group_id, lecturer_id, class_room_id, date) VALUES (180, 3, 4, 4, 3, 47, '2026-01-20');
INSERT INTO public.lesson (id, duration_id, study_subject_id, group_id, lecturer_id, class_room_id, date) VALUES (181, 2, 1, 4, 7, 40, '2026-01-21');
INSERT INTO public.lesson (id, duration_id, study_subject_id, group_id, lecturer_id, class_room_id, date) VALUES (182, 1, 10, 4, 8, 4, '2026-01-21');
INSERT INTO public.lesson (id, duration_id, study_subject_id, group_id, lecturer_id, class_room_id, date) VALUES (183, 5, 3, 4, 5, 16, '2026-01-21');
INSERT INTO public.lesson (id, duration_id, study_subject_id, group_id, lecturer_id, class_room_id, date) VALUES (184, 5, 10, 4, 8, 25, '2026-01-22');
INSERT INTO public.lesson (id, duration_id, study_subject_id, group_id, lecturer_id, class_room_id, date) VALUES (185, 2, 2, 4, 8, 31, '2026-01-23');
INSERT INTO public.lesson (id, duration_id, study_subject_id, group_id, lecturer_id, class_room_id, date) VALUES (186, 3, 6, 4, 7, 6, '2026-01-23');
INSERT INTO public.lesson (id, duration_id, study_subject_id, group_id, lecturer_id, class_room_id, date) VALUES (187, 3, 4, 4, 3, 7, '2026-01-26');
INSERT INTO public.lesson (id, duration_id, study_subject_id, group_id, lecturer_id, class_room_id, date) VALUES (188, 1, 5, 4, 6, 6, '2026-01-26');
INSERT INTO public.lesson (id, duration_id, study_subject_id, group_id, lecturer_id, class_room_id, date) VALUES (189, 2, 3, 4, 1, 45, '2026-01-26');
INSERT INTO public.lesson (id, duration_id, study_subject_id, group_id, lecturer_id, class_room_id, date) VALUES (190, 3, 5, 4, 6, 47, '2026-01-27');
INSERT INTO public.lesson (id, duration_id, study_subject_id, group_id, lecturer_id, class_room_id, date) VALUES (191, 6, 5, 4, 10, 40, '2026-01-27');
INSERT INTO public.lesson (id, duration_id, study_subject_id, group_id, lecturer_id, class_room_id, date) VALUES (192, 4, 10, 4, 8, 48, '2026-01-28');
INSERT INTO public.lesson (id, duration_id, study_subject_id, group_id, lecturer_id, class_room_id, date) VALUES (193, 2, 9, 4, 3, 6, '2026-01-28');
INSERT INTO public.lesson (id, duration_id, study_subject_id, group_id, lecturer_id, class_room_id, date) VALUES (194, 6, 9, 4, 5, 30, '2026-01-28');
INSERT INTO public.lesson (id, duration_id, study_subject_id, group_id, lecturer_id, class_room_id, date) VALUES (195, 3, 1, 4, 7, 49, '2026-01-29');
INSERT INTO public.lesson (id, duration_id, study_subject_id, group_id, lecturer_id, class_room_id, date) VALUES (196, 4, 2, 4, 6, 31, '2026-01-29');
INSERT INTO public.lesson (id, duration_id, study_subject_id, group_id, lecturer_id, class_room_id, date) VALUES (197, 2, 2, 4, 8, 26, '2026-01-29');
INSERT INTO public.lesson (id, duration_id, study_subject_id, group_id, lecturer_id, class_room_id, date) VALUES (198, 6, 8, 4, 5, 36, '2026-01-29');
INSERT INTO public.lesson (id, duration_id, study_subject_id, group_id, lecturer_id, class_room_id, date) VALUES (199, 3, 6, 4, 7, 7, '2026-01-30');
INSERT INTO public.lesson (id, duration_id, study_subject_id, group_id, lecturer_id, class_room_id, date) VALUES (200, 5, 9, 4, 3, 31, '2026-01-30');
INSERT INTO public.lesson (id, duration_id, study_subject_id, group_id, lecturer_id, class_room_id, date) VALUES (201, 2, 10, 4, 8, 27, '2026-01-30');
INSERT INTO public.lesson (id, duration_id, study_subject_id, group_id, lecturer_id, class_room_id, date) VALUES (202, 4, 3, 4, 10, 27, '2026-02-02');
INSERT INTO public.lesson (id, duration_id, study_subject_id, group_id, lecturer_id, class_room_id, date) VALUES (203, 5, 5, 4, 6, 37, '2026-02-02');
INSERT INTO public.lesson (id, duration_id, study_subject_id, group_id, lecturer_id, class_room_id, date) VALUES (204, 4, 10, 4, 8, 16, '2026-02-03');
INSERT INTO public.lesson (id, duration_id, study_subject_id, group_id, lecturer_id, class_room_id, date) VALUES (205, 6, 5, 4, 6, 20, '2026-02-03');
INSERT INTO public.lesson (id, duration_id, study_subject_id, group_id, lecturer_id, class_room_id, date) VALUES (206, 3, 1, 4, 7, 45, '2026-02-04');
INSERT INTO public.lesson (id, duration_id, study_subject_id, group_id, lecturer_id, class_room_id, date) VALUES (207, 4, 5, 4, 10, 9, '2026-02-04');
INSERT INTO public.lesson (id, duration_id, study_subject_id, group_id, lecturer_id, class_room_id, date) VALUES (208, 5, 5, 4, 6, 4, '2026-02-04');
INSERT INTO public.lesson (id, duration_id, study_subject_id, group_id, lecturer_id, class_room_id, date) VALUES (209, 2, 3, 4, 5, 19, '2026-02-05');
INSERT INTO public.lesson (id, duration_id, study_subject_id, group_id, lecturer_id, class_room_id, date) VALUES (210, 1, 1, 4, 7, 15, '2026-02-05');
INSERT INTO public.lesson (id, duration_id, study_subject_id, group_id, lecturer_id, class_room_id, date) VALUES (211, 6, 4, 4, 3, 27, '2026-02-05');
INSERT INTO public.lesson (id, duration_id, study_subject_id, group_id, lecturer_id, class_room_id, date) VALUES (212, 4, 10, 4, 8, 16, '2026-02-06');
INSERT INTO public.lesson (id, duration_id, study_subject_id, group_id, lecturer_id, class_room_id, date) VALUES (213, 6, 4, 4, 3, 32, '2026-02-06');
INSERT INTO public.lesson (id, duration_id, study_subject_id, group_id, lecturer_id, class_room_id, date) VALUES (214, 3, 3, 4, 5, 38, '2026-02-09');
INSERT INTO public.lesson (id, duration_id, study_subject_id, group_id, lecturer_id, class_room_id, date) VALUES (215, 2, 8, 4, 7, 17, '2026-02-09');
INSERT INTO public.lesson (id, duration_id, study_subject_id, group_id, lecturer_id, class_room_id, date) VALUES (216, 5, 7, 4, 10, 41, '2026-02-09');
INSERT INTO public.lesson (id, duration_id, study_subject_id, group_id, lecturer_id, class_room_id, date) VALUES (217, 6, 6, 4, 1, 37, '2026-02-09');
INSERT INTO public.lesson (id, duration_id, study_subject_id, group_id, lecturer_id, class_room_id, date) VALUES (218, 3, 3, 4, 10, 16, '2026-02-10');
INSERT INTO public.lesson (id, duration_id, study_subject_id, group_id, lecturer_id, class_room_id, date) VALUES (219, 1, 2, 4, 8, 12, '2026-02-10');
INSERT INTO public.lesson (id, duration_id, study_subject_id, group_id, lecturer_id, class_room_id, date) VALUES (220, 3, 9, 4, 3, 24, '2026-02-11');
INSERT INTO public.lesson (id, duration_id, study_subject_id, group_id, lecturer_id, class_room_id, date) VALUES (221, 6, 1, 4, 7, 48, '2026-02-11');
INSERT INTO public.lesson (id, duration_id, study_subject_id, group_id, lecturer_id, class_room_id, date) VALUES (222, 1, 7, 4, 10, 36, '2026-02-11');
INSERT INTO public.lesson (id, duration_id, study_subject_id, group_id, lecturer_id, class_room_id, date) VALUES (223, 3, 4, 4, 3, 45, '2026-02-12');
INSERT INTO public.lesson (id, duration_id, study_subject_id, group_id, lecturer_id, class_room_id, date) VALUES (224, 2, 6, 4, 7, 28, '2026-02-12');
INSERT INTO public.lesson (id, duration_id, study_subject_id, group_id, lecturer_id, class_room_id, date) VALUES (225, 2, 4, 4, 3, 42, '2026-02-13');
INSERT INTO public.lesson (id, duration_id, study_subject_id, group_id, lecturer_id, class_room_id, date) VALUES (226, 6, 3, 4, 5, 20, '2026-02-13');
INSERT INTO public.lesson (id, duration_id, study_subject_id, group_id, lecturer_id, class_room_id, date) VALUES (227, 5, 3, 4, 1, 31, '2026-02-13');
INSERT INTO public.lesson (id, duration_id, study_subject_id, group_id, lecturer_id, class_room_id, date) VALUES (228, 4, 1, 4, 7, 41, '2026-02-13');
INSERT INTO public.lesson (id, duration_id, study_subject_id, group_id, lecturer_id, class_room_id, date) VALUES (229, 3, 9, 4, 5, 33, '2026-02-16');
INSERT INTO public.lesson (id, duration_id, study_subject_id, group_id, lecturer_id, class_room_id, date) VALUES (230, 6, 1, 4, 7, 11, '2026-02-16');
INSERT INTO public.lesson (id, duration_id, study_subject_id, group_id, lecturer_id, class_room_id, date) VALUES (231, 1, 2, 4, 8, 41, '2026-02-16');
INSERT INTO public.lesson (id, duration_id, study_subject_id, group_id, lecturer_id, class_room_id, date) VALUES (232, 1, 1, 5, 7, 6, '2026-01-20');
INSERT INTO public.lesson (id, duration_id, study_subject_id, group_id, lecturer_id, class_room_id, date) VALUES (233, 6, 10, 5, 8, 26, '2026-01-20');
INSERT INTO public.lesson (id, duration_id, study_subject_id, group_id, lecturer_id, class_room_id, date) VALUES (234, 5, 5, 5, 6, 1, '2026-01-20');
INSERT INTO public.lesson (id, duration_id, study_subject_id, group_id, lecturer_id, class_room_id, date) VALUES (235, 2, 7, 5, 10, 3, '2026-01-20');
INSERT INTO public.lesson (id, duration_id, study_subject_id, group_id, lecturer_id, class_room_id, date) VALUES (236, 6, 1, 5, 7, 19, '2026-01-21');
INSERT INTO public.lesson (id, duration_id, study_subject_id, group_id, lecturer_id, class_room_id, date) VALUES (237, 2, 2, 5, 6, 17, '2026-01-21');
INSERT INTO public.lesson (id, duration_id, study_subject_id, group_id, lecturer_id, class_room_id, date) VALUES (238, 2, 3, 5, 5, 40, '2026-01-22');
INSERT INTO public.lesson (id, duration_id, study_subject_id, group_id, lecturer_id, class_room_id, date) VALUES (239, 6, 2, 5, 8, 38, '2026-01-22');
INSERT INTO public.lesson (id, duration_id, study_subject_id, group_id, lecturer_id, class_room_id, date) VALUES (240, 4, 1, 5, 7, 14, '2026-01-23');
INSERT INTO public.lesson (id, duration_id, study_subject_id, group_id, lecturer_id, class_room_id, date) VALUES (241, 3, 3, 5, 1, 35, '2026-01-23');
INSERT INTO public.lesson (id, duration_id, study_subject_id, group_id, lecturer_id, class_room_id, date) VALUES (242, 3, 3, 5, 1, 18, '2026-01-26');
INSERT INTO public.lesson (id, duration_id, study_subject_id, group_id, lecturer_id, class_room_id, date) VALUES (243, 2, 9, 5, 5, 36, '2026-01-26');
INSERT INTO public.lesson (id, duration_id, study_subject_id, group_id, lecturer_id, class_room_id, date) VALUES (244, 1, 7, 5, 10, 30, '2026-01-27');
INSERT INTO public.lesson (id, duration_id, study_subject_id, group_id, lecturer_id, class_room_id, date) VALUES (245, 2, 8, 5, 5, 6, '2026-01-27');
INSERT INTO public.lesson (id, duration_id, study_subject_id, group_id, lecturer_id, class_room_id, date) VALUES (246, 6, 3, 5, 1, 26, '2026-01-27');
INSERT INTO public.lesson (id, duration_id, study_subject_id, group_id, lecturer_id, class_room_id, date) VALUES (247, 5, 1, 5, 7, 39, '2026-01-28');
INSERT INTO public.lesson (id, duration_id, study_subject_id, group_id, lecturer_id, class_room_id, date) VALUES (248, 3, 6, 5, 1, 3, '2026-01-28');
INSERT INTO public.lesson (id, duration_id, study_subject_id, group_id, lecturer_id, class_room_id, date) VALUES (249, 4, 9, 5, 3, 49, '2026-01-28');
INSERT INTO public.lesson (id, duration_id, study_subject_id, group_id, lecturer_id, class_room_id, date) VALUES (250, 3, 4, 5, 3, 1, '2026-01-29');
INSERT INTO public.lesson (id, duration_id, study_subject_id, group_id, lecturer_id, class_room_id, date) VALUES (251, 1, 9, 5, 5, 15, '2026-01-29');
INSERT INTO public.lesson (id, duration_id, study_subject_id, group_id, lecturer_id, class_room_id, date) VALUES (252, 2, 6, 5, 1, 49, '2026-01-29');
INSERT INTO public.lesson (id, duration_id, study_subject_id, group_id, lecturer_id, class_room_id, date) VALUES (253, 3, 2, 5, 6, 20, '2026-01-30');
INSERT INTO public.lesson (id, duration_id, study_subject_id, group_id, lecturer_id, class_room_id, date) VALUES (254, 4, 1, 5, 7, 28, '2026-01-30');
INSERT INTO public.lesson (id, duration_id, study_subject_id, group_id, lecturer_id, class_room_id, date) VALUES (255, 2, 10, 5, 8, 2, '2026-01-30');
INSERT INTO public.lesson (id, duration_id, study_subject_id, group_id, lecturer_id, class_room_id, date) VALUES (256, 5, 5, 5, 6, 1, '2026-02-02');
INSERT INTO public.lesson (id, duration_id, study_subject_id, group_id, lecturer_id, class_room_id, date) VALUES (257, 4, 4, 5, 3, 20, '2026-02-02');
INSERT INTO public.lesson (id, duration_id, study_subject_id, group_id, lecturer_id, class_room_id, date) VALUES (258, 2, 3, 5, 10, 18, '2026-02-02');
INSERT INTO public.lesson (id, duration_id, study_subject_id, group_id, lecturer_id, class_room_id, date) VALUES (259, 6, 8, 5, 5, 9, '2026-02-02');
INSERT INTO public.lesson (id, duration_id, study_subject_id, group_id, lecturer_id, class_room_id, date) VALUES (260, 3, 9, 5, 5, 27, '2026-02-03');
INSERT INTO public.lesson (id, duration_id, study_subject_id, group_id, lecturer_id, class_room_id, date) VALUES (261, 5, 8, 5, 7, 43, '2026-02-03');
INSERT INTO public.lesson (id, duration_id, study_subject_id, group_id, lecturer_id, class_room_id, date) VALUES (262, 1, 9, 5, 3, 25, '2026-02-04');
INSERT INTO public.lesson (id, duration_id, study_subject_id, group_id, lecturer_id, class_room_id, date) VALUES (263, 6, 8, 5, 5, 7, '2026-02-04');
INSERT INTO public.lesson (id, duration_id, study_subject_id, group_id, lecturer_id, class_room_id, date) VALUES (264, 5, 7, 5, 10, 12, '2026-02-04');
INSERT INTO public.lesson (id, duration_id, study_subject_id, group_id, lecturer_id, class_room_id, date) VALUES (265, 6, 3, 5, 1, 36, '2026-02-05');
INSERT INTO public.lesson (id, duration_id, study_subject_id, group_id, lecturer_id, class_room_id, date) VALUES (266, 3, 2, 5, 6, 27, '2026-02-05');
INSERT INTO public.lesson (id, duration_id, study_subject_id, group_id, lecturer_id, class_room_id, date) VALUES (267, 5, 3, 5, 10, 11, '2026-02-05');
INSERT INTO public.lesson (id, duration_id, study_subject_id, group_id, lecturer_id, class_room_id, date) VALUES (268, 2, 9, 5, 5, 11, '2026-02-06');
INSERT INTO public.lesson (id, duration_id, study_subject_id, group_id, lecturer_id, class_room_id, date) VALUES (269, 6, 4, 5, 3, 33, '2026-02-06');
INSERT INTO public.lesson (id, duration_id, study_subject_id, group_id, lecturer_id, class_room_id, date) VALUES (270, 5, 10, 5, 8, 40, '2026-02-06');
INSERT INTO public.lesson (id, duration_id, study_subject_id, group_id, lecturer_id, class_room_id, date) VALUES (271, 3, 1, 5, 7, 28, '2026-02-09');
INSERT INTO public.lesson (id, duration_id, study_subject_id, group_id, lecturer_id, class_room_id, date) VALUES (272, 1, 8, 5, 5, 49, '2026-02-09');
INSERT INTO public.lesson (id, duration_id, study_subject_id, group_id, lecturer_id, class_room_id, date) VALUES (273, 5, 3, 5, 1, 48, '2026-02-09');
INSERT INTO public.lesson (id, duration_id, study_subject_id, group_id, lecturer_id, class_room_id, date) VALUES (274, 2, 9, 5, 3, 31, '2026-02-09');
INSERT INTO public.lesson (id, duration_id, study_subject_id, group_id, lecturer_id, class_room_id, date) VALUES (275, 2, 4, 5, 3, 5, '2026-02-10');
INSERT INTO public.lesson (id, duration_id, study_subject_id, group_id, lecturer_id, class_room_id, date) VALUES (276, 6, 3, 5, 5, 31, '2026-02-10');
INSERT INTO public.lesson (id, duration_id, study_subject_id, group_id, lecturer_id, class_room_id, date) VALUES (277, 1, 10, 5, 8, 41, '2026-02-11');
INSERT INTO public.lesson (id, duration_id, study_subject_id, group_id, lecturer_id, class_room_id, date) VALUES (278, 6, 2, 5, 6, 11, '2026-02-11');
INSERT INTO public.lesson (id, duration_id, study_subject_id, group_id, lecturer_id, class_room_id, date) VALUES (279, 5, 7, 5, 10, 34, '2026-02-12');
INSERT INTO public.lesson (id, duration_id, study_subject_id, group_id, lecturer_id, class_room_id, date) VALUES (280, 6, 1, 5, 7, 33, '2026-02-12');
INSERT INTO public.lesson (id, duration_id, study_subject_id, group_id, lecturer_id, class_room_id, date) VALUES (281, 4, 6, 5, 1, 15, '2026-02-12');
INSERT INTO public.lesson (id, duration_id, study_subject_id, group_id, lecturer_id, class_room_id, date) VALUES (282, 2, 3, 5, 10, 5, '2026-02-13');
INSERT INTO public.lesson (id, duration_id, study_subject_id, group_id, lecturer_id, class_room_id, date) VALUES (283, 5, 1, 5, 7, 22, '2026-02-13');
INSERT INTO public.lesson (id, duration_id, study_subject_id, group_id, lecturer_id, class_room_id, date) VALUES (284, 3, 2, 5, 6, 3, '2026-02-16');
INSERT INTO public.lesson (id, duration_id, study_subject_id, group_id, lecturer_id, class_room_id, date) VALUES (285, 2, 10, 5, 8, 42, '2026-02-16');
INSERT INTO public.lesson (id, duration_id, study_subject_id, group_id, lecturer_id, class_room_id, date) VALUES (286, 4, 9, 5, 3, 12, '2026-02-16');
INSERT INTO public.lesson (id, duration_id, study_subject_id, group_id, lecturer_id, class_room_id, date) VALUES (287, 1, 1, 5, 7, 16, '2026-02-16');
INSERT INTO public.lesson (id, duration_id, study_subject_id, group_id, lecturer_id, class_room_id, date) VALUES (288, 1, 1, 6, 7, 1, '2026-01-20');
INSERT INTO public.lesson (id, duration_id, study_subject_id, group_id, lecturer_id, class_room_id, date) VALUES (289, 3, 3, 6, 5, 18, '2026-01-20');
INSERT INTO public.lesson (id, duration_id, study_subject_id, group_id, lecturer_id, class_room_id, date) VALUES (290, 4, 9, 6, 3, 34, '2026-01-20');
INSERT INTO public.lesson (id, duration_id, study_subject_id, group_id, lecturer_id, class_room_id, date) VALUES (291, 5, 10, 6, 8, 44, '2026-01-21');
INSERT INTO public.lesson (id, duration_id, study_subject_id, group_id, lecturer_id, class_room_id, date) VALUES (292, 2, 2, 6, 6, 39, '2026-01-21');
INSERT INTO public.lesson (id, duration_id, study_subject_id, group_id, lecturer_id, class_room_id, date) VALUES (293, 6, 6, 6, 1, 18, '2026-01-21');
INSERT INTO public.lesson (id, duration_id, study_subject_id, group_id, lecturer_id, class_room_id, date) VALUES (294, 6, 6, 6, 1, 13, '2026-01-22');
INSERT INTO public.lesson (id, duration_id, study_subject_id, group_id, lecturer_id, class_room_id, date) VALUES (295, 1, 3, 6, 10, 32, '2026-01-22');
INSERT INTO public.lesson (id, duration_id, study_subject_id, group_id, lecturer_id, class_room_id, date) VALUES (296, 3, 6, 6, 7, 21, '2026-01-22');
INSERT INTO public.lesson (id, duration_id, study_subject_id, group_id, lecturer_id, class_room_id, date) VALUES (297, 4, 10, 6, 8, 46, '2026-01-22');
INSERT INTO public.lesson (id, duration_id, study_subject_id, group_id, lecturer_id, class_room_id, date) VALUES (298, 3, 4, 6, 3, 26, '2026-01-23');
INSERT INTO public.lesson (id, duration_id, study_subject_id, group_id, lecturer_id, class_room_id, date) VALUES (299, 4, 5, 6, 6, 8, '2026-01-23');
INSERT INTO public.lesson (id, duration_id, study_subject_id, group_id, lecturer_id, class_room_id, date) VALUES (300, 1, 5, 6, 10, 47, '2026-01-23');
INSERT INTO public.lesson (id, duration_id, study_subject_id, group_id, lecturer_id, class_room_id, date) VALUES (301, 1, 3, 6, 1, 37, '2026-01-26');
INSERT INTO public.lesson (id, duration_id, study_subject_id, group_id, lecturer_id, class_room_id, date) VALUES (302, 3, 6, 6, 7, 35, '2026-01-26');
INSERT INTO public.lesson (id, duration_id, study_subject_id, group_id, lecturer_id, class_room_id, date) VALUES (303, 5, 3, 6, 10, 45, '2026-01-27');
INSERT INTO public.lesson (id, duration_id, study_subject_id, group_id, lecturer_id, class_room_id, date) VALUES (304, 2, 6, 6, 7, 15, '2026-01-27');
INSERT INTO public.lesson (id, duration_id, study_subject_id, group_id, lecturer_id, class_room_id, date) VALUES (305, 6, 5, 6, 6, 39, '2026-01-27');
INSERT INTO public.lesson (id, duration_id, study_subject_id, group_id, lecturer_id, class_room_id, date) VALUES (306, 2, 4, 6, 3, 48, '2026-01-28');
INSERT INTO public.lesson (id, duration_id, study_subject_id, group_id, lecturer_id, class_room_id, date) VALUES (307, 5, 3, 6, 5, 5, '2026-01-29');
INSERT INTO public.lesson (id, duration_id, study_subject_id, group_id, lecturer_id, class_room_id, date) VALUES (308, 2, 2, 6, 6, 3, '2026-01-29');
INSERT INTO public.lesson (id, duration_id, study_subject_id, group_id, lecturer_id, class_room_id, date) VALUES (309, 1, 6, 6, 1, 50, '2026-01-30');
INSERT INTO public.lesson (id, duration_id, study_subject_id, group_id, lecturer_id, class_room_id, date) VALUES (310, 4, 5, 6, 6, 7, '2026-01-30');
INSERT INTO public.lesson (id, duration_id, study_subject_id, group_id, lecturer_id, class_room_id, date) VALUES (311, 6, 5, 6, 10, 44, '2026-02-02');
INSERT INTO public.lesson (id, duration_id, study_subject_id, group_id, lecturer_id, class_room_id, date) VALUES (312, 1, 8, 6, 5, 32, '2026-02-02');
INSERT INTO public.lesson (id, duration_id, study_subject_id, group_id, lecturer_id, class_room_id, date) VALUES (313, 4, 6, 6, 7, 39, '2026-02-03');
INSERT INTO public.lesson (id, duration_id, study_subject_id, group_id, lecturer_id, class_room_id, date) VALUES (314, 5, 5, 6, 6, 30, '2026-02-03');
INSERT INTO public.lesson (id, duration_id, study_subject_id, group_id, lecturer_id, class_room_id, date) VALUES (315, 3, 8, 6, 5, 5, '2026-02-03');
INSERT INTO public.lesson (id, duration_id, study_subject_id, group_id, lecturer_id, class_room_id, date) VALUES (316, 2, 6, 6, 1, 16, '2026-02-04');
INSERT INTO public.lesson (id, duration_id, study_subject_id, group_id, lecturer_id, class_room_id, date) VALUES (317, 6, 9, 6, 5, 42, '2026-02-04');
INSERT INTO public.lesson (id, duration_id, study_subject_id, group_id, lecturer_id, class_room_id, date) VALUES (318, 1, 4, 6, 3, 45, '2026-02-04');
INSERT INTO public.lesson (id, duration_id, study_subject_id, group_id, lecturer_id, class_room_id, date) VALUES (319, 5, 2, 6, 8, 3, '2026-02-05');
INSERT INTO public.lesson (id, duration_id, study_subject_id, group_id, lecturer_id, class_room_id, date) VALUES (320, 6, 2, 6, 6, 50, '2026-02-05');
INSERT INTO public.lesson (id, duration_id, study_subject_id, group_id, lecturer_id, class_room_id, date) VALUES (321, 2, 9, 6, 3, 13, '2026-02-05');
INSERT INTO public.lesson (id, duration_id, study_subject_id, group_id, lecturer_id, class_room_id, date) VALUES (322, 1, 4, 6, 3, 39, '2026-02-06');
INSERT INTO public.lesson (id, duration_id, study_subject_id, group_id, lecturer_id, class_room_id, date) VALUES (323, 2, 10, 6, 8, 27, '2026-02-06');
INSERT INTO public.lesson (id, duration_id, study_subject_id, group_id, lecturer_id, class_room_id, date) VALUES (324, 3, 5, 6, 10, 41, '2026-02-06');
INSERT INTO public.lesson (id, duration_id, study_subject_id, group_id, lecturer_id, class_room_id, date) VALUES (325, 5, 6, 6, 7, 12, '2026-02-06');
INSERT INTO public.lesson (id, duration_id, study_subject_id, group_id, lecturer_id, class_room_id, date) VALUES (326, 3, 1, 6, 7, 37, '2026-02-09');
INSERT INTO public.lesson (id, duration_id, study_subject_id, group_id, lecturer_id, class_room_id, date) VALUES (327, 1, 5, 6, 6, 43, '2026-02-09');
INSERT INTO public.lesson (id, duration_id, study_subject_id, group_id, lecturer_id, class_room_id, date) VALUES (328, 4, 5, 6, 10, 12, '2026-02-09');
INSERT INTO public.lesson (id, duration_id, study_subject_id, group_id, lecturer_id, class_room_id, date) VALUES (329, 3, 8, 6, 7, 32, '2026-02-10');
INSERT INTO public.lesson (id, duration_id, study_subject_id, group_id, lecturer_id, class_room_id, date) VALUES (330, 4, 6, 6, 1, 19, '2026-02-10');
INSERT INTO public.lesson (id, duration_id, study_subject_id, group_id, lecturer_id, class_room_id, date) VALUES (331, 1, 3, 6, 10, 32, '2026-02-11');
INSERT INTO public.lesson (id, duration_id, study_subject_id, group_id, lecturer_id, class_room_id, date) VALUES (332, 4, 4, 6, 3, 16, '2026-02-11');
INSERT INTO public.lesson (id, duration_id, study_subject_id, group_id, lecturer_id, class_room_id, date) VALUES (333, 6, 1, 6, 7, 44, '2026-02-12');
INSERT INTO public.lesson (id, duration_id, study_subject_id, group_id, lecturer_id, class_room_id, date) VALUES (334, 4, 6, 6, 1, 45, '2026-02-12');
INSERT INTO public.lesson (id, duration_id, study_subject_id, group_id, lecturer_id, class_room_id, date) VALUES (335, 3, 7, 6, 10, 27, '2026-02-13');
INSERT INTO public.lesson (id, duration_id, study_subject_id, group_id, lecturer_id, class_room_id, date) VALUES (336, 4, 2, 6, 8, 17, '2026-02-13');
INSERT INTO public.lesson (id, duration_id, study_subject_id, group_id, lecturer_id, class_room_id, date) VALUES (337, 5, 2, 6, 6, 22, '2026-02-13');
INSERT INTO public.lesson (id, duration_id, study_subject_id, group_id, lecturer_id, class_room_id, date) VALUES (338, 2, 8, 6, 5, 19, '2026-02-13');
INSERT INTO public.lesson (id, duration_id, study_subject_id, group_id, lecturer_id, class_room_id, date) VALUES (339, 5, 5, 6, 6, 36, '2026-02-16');
INSERT INTO public.lesson (id, duration_id, study_subject_id, group_id, lecturer_id, class_room_id, date) VALUES (340, 2, 2, 6, 8, 28, '2026-02-16');
INSERT INTO public.lesson (id, duration_id, study_subject_id, group_id, lecturer_id, class_room_id, date) VALUES (341, 1, 6, 6, 1, 31, '2026-02-16');
INSERT INTO public.lesson (id, duration_id, study_subject_id, group_id, lecturer_id, class_room_id, date) VALUES (342, 6, 4, 6, 3, 50, '2026-02-16');
INSERT INTO public.lesson (id, duration_id, study_subject_id, group_id, lecturer_id, class_room_id, date) VALUES (343, 1, 2, 7, 8, 25, '2026-01-20');
INSERT INTO public.lesson (id, duration_id, study_subject_id, group_id, lecturer_id, class_room_id, date) VALUES (344, 6, 4, 7, 3, 29, '2026-01-20');
INSERT INTO public.lesson (id, duration_id, study_subject_id, group_id, lecturer_id, class_room_id, date) VALUES (345, 4, 7, 7, 10, 50, '2026-01-20');
INSERT INTO public.lesson (id, duration_id, study_subject_id, group_id, lecturer_id, class_room_id, date) VALUES (346, 2, 6, 7, 1, 23, '2026-01-20');
INSERT INTO public.lesson (id, duration_id, study_subject_id, group_id, lecturer_id, class_room_id, date) VALUES (347, 1, 9, 7, 3, 2, '2026-01-21');
INSERT INTO public.lesson (id, duration_id, study_subject_id, group_id, lecturer_id, class_room_id, date) VALUES (348, 5, 2, 7, 8, 27, '2026-01-21');
INSERT INTO public.lesson (id, duration_id, study_subject_id, group_id, lecturer_id, class_room_id, date) VALUES (349, 3, 7, 7, 10, 16, '2026-01-21');
INSERT INTO public.lesson (id, duration_id, study_subject_id, group_id, lecturer_id, class_room_id, date) VALUES (350, 2, 1, 7, 7, 38, '2026-01-21');
INSERT INTO public.lesson (id, duration_id, study_subject_id, group_id, lecturer_id, class_room_id, date) VALUES (351, 6, 10, 7, 8, 29, '2026-01-22');
INSERT INTO public.lesson (id, duration_id, study_subject_id, group_id, lecturer_id, class_room_id, date) VALUES (352, 2, 6, 7, 1, 48, '2026-01-22');
INSERT INTO public.lesson (id, duration_id, study_subject_id, group_id, lecturer_id, class_room_id, date) VALUES (353, 5, 4, 7, 3, 33, '2026-01-23');
INSERT INTO public.lesson (id, duration_id, study_subject_id, group_id, lecturer_id, class_room_id, date) VALUES (354, 4, 7, 7, 10, 1, '2026-01-26');
INSERT INTO public.lesson (id, duration_id, study_subject_id, group_id, lecturer_id, class_room_id, date) VALUES (355, 2, 10, 7, 8, 5, '2026-01-26');
INSERT INTO public.lesson (id, duration_id, study_subject_id, group_id, lecturer_id, class_room_id, date) VALUES (356, 3, 8, 7, 5, 11, '2026-01-27');
INSERT INTO public.lesson (id, duration_id, study_subject_id, group_id, lecturer_id, class_room_id, date) VALUES (357, 4, 9, 7, 3, 10, '2026-01-27');
INSERT INTO public.lesson (id, duration_id, study_subject_id, group_id, lecturer_id, class_room_id, date) VALUES (358, 1, 3, 7, 1, 37, '2026-01-27');
INSERT INTO public.lesson (id, duration_id, study_subject_id, group_id, lecturer_id, class_room_id, date) VALUES (359, 5, 3, 7, 1, 31, '2026-01-28');
INSERT INTO public.lesson (id, duration_id, study_subject_id, group_id, lecturer_id, class_room_id, date) VALUES (360, 4, 8, 7, 7, 26, '2026-01-28');
INSERT INTO public.lesson (id, duration_id, study_subject_id, group_id, lecturer_id, class_room_id, date) VALUES (361, 6, 9, 7, 3, 2, '2026-01-28');
INSERT INTO public.lesson (id, duration_id, study_subject_id, group_id, lecturer_id, class_room_id, date) VALUES (362, 6, 5, 7, 6, 28, '2026-01-29');
INSERT INTO public.lesson (id, duration_id, study_subject_id, group_id, lecturer_id, class_room_id, date) VALUES (363, 4, 5, 7, 10, 26, '2026-01-29');
INSERT INTO public.lesson (id, duration_id, study_subject_id, group_id, lecturer_id, class_room_id, date) VALUES (364, 5, 9, 7, 5, 20, '2026-01-29');
INSERT INTO public.lesson (id, duration_id, study_subject_id, group_id, lecturer_id, class_room_id, date) VALUES (365, 3, 6, 7, 1, 29, '2026-01-30');
INSERT INTO public.lesson (id, duration_id, study_subject_id, group_id, lecturer_id, class_room_id, date) VALUES (366, 2, 5, 7, 10, 8, '2026-01-30');
INSERT INTO public.lesson (id, duration_id, study_subject_id, group_id, lecturer_id, class_room_id, date) VALUES (367, 6, 3, 7, 5, 39, '2026-01-30');
INSERT INTO public.lesson (id, duration_id, study_subject_id, group_id, lecturer_id, class_room_id, date) VALUES (368, 5, 9, 7, 3, 20, '2026-01-30');
INSERT INTO public.lesson (id, duration_id, study_subject_id, group_id, lecturer_id, class_room_id, date) VALUES (369, 6, 5, 7, 10, 29, '2026-02-02');
INSERT INTO public.lesson (id, duration_id, study_subject_id, group_id, lecturer_id, class_room_id, date) VALUES (370, 5, 1, 7, 7, 45, '2026-02-02');
INSERT INTO public.lesson (id, duration_id, study_subject_id, group_id, lecturer_id, class_room_id, date) VALUES (371, 3, 5, 7, 10, 9, '2026-02-03');
INSERT INTO public.lesson (id, duration_id, study_subject_id, group_id, lecturer_id, class_room_id, date) VALUES (372, 5, 6, 7, 1, 39, '2026-02-03');
INSERT INTO public.lesson (id, duration_id, study_subject_id, group_id, lecturer_id, class_room_id, date) VALUES (373, 4, 4, 7, 3, 18, '2026-02-04');
INSERT INTO public.lesson (id, duration_id, study_subject_id, group_id, lecturer_id, class_room_id, date) VALUES (374, 6, 9, 7, 5, 27, '2026-02-04');
INSERT INTO public.lesson (id, duration_id, study_subject_id, group_id, lecturer_id, class_room_id, date) VALUES (375, 6, 6, 7, 1, 43, '2026-02-05');
INSERT INTO public.lesson (id, duration_id, study_subject_id, group_id, lecturer_id, class_room_id, date) VALUES (376, 2, 6, 7, 7, 6, '2026-02-05');
INSERT INTO public.lesson (id, duration_id, study_subject_id, group_id, lecturer_id, class_room_id, date) VALUES (377, 1, 2, 7, 6, 42, '2026-02-06');
INSERT INTO public.lesson (id, duration_id, study_subject_id, group_id, lecturer_id, class_room_id, date) VALUES (378, 3, 10, 7, 8, 11, '2026-02-06');
INSERT INTO public.lesson (id, duration_id, study_subject_id, group_id, lecturer_id, class_room_id, date) VALUES (379, 6, 3, 7, 5, 50, '2026-02-06');
INSERT INTO public.lesson (id, duration_id, study_subject_id, group_id, lecturer_id, class_room_id, date) VALUES (380, 5, 4, 7, 3, 1, '2026-02-06');
INSERT INTO public.lesson (id, duration_id, study_subject_id, group_id, lecturer_id, class_room_id, date) VALUES (381, 1, 2, 7, 8, 35, '2026-02-09');
INSERT INTO public.lesson (id, duration_id, study_subject_id, group_id, lecturer_id, class_room_id, date) VALUES (382, 4, 6, 7, 7, 22, '2026-02-09');
INSERT INTO public.lesson (id, duration_id, study_subject_id, group_id, lecturer_id, class_room_id, date) VALUES (383, 2, 9, 7, 5, 30, '2026-02-09');
INSERT INTO public.lesson (id, duration_id, study_subject_id, group_id, lecturer_id, class_room_id, date) VALUES (384, 1, 1, 7, 7, 29, '2026-02-10');
INSERT INTO public.lesson (id, duration_id, study_subject_id, group_id, lecturer_id, class_room_id, date) VALUES (385, 2, 3, 7, 1, 47, '2026-02-10');
INSERT INTO public.lesson (id, duration_id, study_subject_id, group_id, lecturer_id, class_room_id, date) VALUES (386, 6, 5, 7, 10, 44, '2026-02-10');
INSERT INTO public.lesson (id, duration_id, study_subject_id, group_id, lecturer_id, class_room_id, date) VALUES (387, 5, 10, 7, 8, 23, '2026-02-11');
INSERT INTO public.lesson (id, duration_id, study_subject_id, group_id, lecturer_id, class_room_id, date) VALUES (388, 3, 5, 7, 6, 48, '2026-02-11');
INSERT INTO public.lesson (id, duration_id, study_subject_id, group_id, lecturer_id, class_room_id, date) VALUES (389, 4, 1, 7, 7, 27, '2026-02-11');
INSERT INTO public.lesson (id, duration_id, study_subject_id, group_id, lecturer_id, class_room_id, date) VALUES (390, 6, 7, 7, 10, 5, '2026-02-11');
INSERT INTO public.lesson (id, duration_id, study_subject_id, group_id, lecturer_id, class_room_id, date) VALUES (391, 2, 4, 7, 3, 43, '2026-02-12');
INSERT INTO public.lesson (id, duration_id, study_subject_id, group_id, lecturer_id, class_room_id, date) VALUES (392, 3, 3, 7, 5, 15, '2026-02-12');
INSERT INTO public.lesson (id, duration_id, study_subject_id, group_id, lecturer_id, class_room_id, date) VALUES (393, 1, 10, 7, 8, 25, '2026-02-12');
INSERT INTO public.lesson (id, duration_id, study_subject_id, group_id, lecturer_id, class_room_id, date) VALUES (394, 6, 4, 7, 3, 16, '2026-02-13');
INSERT INTO public.lesson (id, duration_id, study_subject_id, group_id, lecturer_id, class_room_id, date) VALUES (395, 2, 9, 7, 5, 13, '2026-02-13');
INSERT INTO public.lesson (id, duration_id, study_subject_id, group_id, lecturer_id, class_room_id, date) VALUES (396, 5, 6, 7, 1, 42, '2026-02-13');
INSERT INTO public.lesson (id, duration_id, study_subject_id, group_id, lecturer_id, class_room_id, date) VALUES (397, 3, 2, 7, 8, 39, '2026-02-16');
INSERT INTO public.lesson (id, duration_id, study_subject_id, group_id, lecturer_id, class_room_id, date) VALUES (398, 4, 7, 7, 10, 29, '2026-02-16');
INSERT INTO public.lesson (id, duration_id, study_subject_id, group_id, lecturer_id, class_room_id, date) VALUES (399, 6, 6, 8, 7, 3, '2026-01-20');
INSERT INTO public.lesson (id, duration_id, study_subject_id, group_id, lecturer_id, class_room_id, date) VALUES (400, 3, 10, 8, 8, 23, '2026-01-20');
INSERT INTO public.lesson (id, duration_id, study_subject_id, group_id, lecturer_id, class_room_id, date) VALUES (401, 3, 1, 8, 7, 11, '2026-01-21');
INSERT INTO public.lesson (id, duration_id, study_subject_id, group_id, lecturer_id, class_room_id, date) VALUES (402, 1, 2, 8, 8, 44, '2026-01-21');
INSERT INTO public.lesson (id, duration_id, study_subject_id, group_id, lecturer_id, class_room_id, date) VALUES (403, 4, 9, 8, 3, 50, '2026-01-21');
INSERT INTO public.lesson (id, duration_id, study_subject_id, group_id, lecturer_id, class_room_id, date) VALUES (404, 2, 2, 8, 6, 29, '2026-01-21');
INSERT INTO public.lesson (id, duration_id, study_subject_id, group_id, lecturer_id, class_room_id, date) VALUES (405, 1, 10, 8, 8, 24, '2026-01-22');
INSERT INTO public.lesson (id, duration_id, study_subject_id, group_id, lecturer_id, class_room_id, date) VALUES (406, 2, 3, 8, 5, 23, '2026-01-22');
INSERT INTO public.lesson (id, duration_id, study_subject_id, group_id, lecturer_id, class_room_id, date) VALUES (407, 3, 4, 8, 3, 30, '2026-01-22');
INSERT INTO public.lesson (id, duration_id, study_subject_id, group_id, lecturer_id, class_room_id, date) VALUES (408, 1, 3, 8, 10, 22, '2026-01-23');
INSERT INTO public.lesson (id, duration_id, study_subject_id, group_id, lecturer_id, class_room_id, date) VALUES (409, 2, 5, 8, 6, 37, '2026-01-23');
INSERT INTO public.lesson (id, duration_id, study_subject_id, group_id, lecturer_id, class_room_id, date) VALUES (410, 3, 2, 8, 8, 39, '2026-01-26');
INSERT INTO public.lesson (id, duration_id, study_subject_id, group_id, lecturer_id, class_room_id, date) VALUES (411, 4, 8, 8, 7, 23, '2026-01-26');
INSERT INTO public.lesson (id, duration_id, study_subject_id, group_id, lecturer_id, class_room_id, date) VALUES (412, 5, 7, 8, 10, 38, '2026-01-26');
INSERT INTO public.lesson (id, duration_id, study_subject_id, group_id, lecturer_id, class_room_id, date) VALUES (413, 3, 8, 8, 7, 19, '2026-01-27');
INSERT INTO public.lesson (id, duration_id, study_subject_id, group_id, lecturer_id, class_room_id, date) VALUES (414, 5, 6, 8, 1, 17, '2026-01-27');
INSERT INTO public.lesson (id, duration_id, study_subject_id, group_id, lecturer_id, class_room_id, date) VALUES (415, 3, 9, 8, 5, 13, '2026-01-28');
INSERT INTO public.lesson (id, duration_id, study_subject_id, group_id, lecturer_id, class_room_id, date) VALUES (416, 5, 3, 8, 1, 2, '2026-01-28');
INSERT INTO public.lesson (id, duration_id, study_subject_id, group_id, lecturer_id, class_room_id, date) VALUES (417, 4, 2, 8, 8, 19, '2026-01-28');
INSERT INTO public.lesson (id, duration_id, study_subject_id, group_id, lecturer_id, class_room_id, date) VALUES (418, 6, 9, 8, 5, 40, '2026-01-29');
INSERT INTO public.lesson (id, duration_id, study_subject_id, group_id, lecturer_id, class_room_id, date) VALUES (419, 4, 1, 8, 7, 12, '2026-01-29');
INSERT INTO public.lesson (id, duration_id, study_subject_id, group_id, lecturer_id, class_room_id, date) VALUES (420, 5, 7, 8, 10, 15, '2026-01-29');
INSERT INTO public.lesson (id, duration_id, study_subject_id, group_id, lecturer_id, class_room_id, date) VALUES (421, 2, 10, 8, 8, 3, '2026-01-29');
INSERT INTO public.lesson (id, duration_id, study_subject_id, group_id, lecturer_id, class_room_id, date) VALUES (422, 4, 5, 8, 10, 40, '2026-01-30');
INSERT INTO public.lesson (id, duration_id, study_subject_id, group_id, lecturer_id, class_room_id, date) VALUES (423, 2, 10, 8, 8, 46, '2026-02-02');
INSERT INTO public.lesson (id, duration_id, study_subject_id, group_id, lecturer_id, class_room_id, date) VALUES (424, 6, 3, 8, 10, 27, '2026-02-02');
INSERT INTO public.lesson (id, duration_id, study_subject_id, group_id, lecturer_id, class_room_id, date) VALUES (425, 6, 4, 8, 3, 23, '2026-02-03');
INSERT INTO public.lesson (id, duration_id, study_subject_id, group_id, lecturer_id, class_room_id, date) VALUES (426, 1, 5, 8, 10, 24, '2026-02-03');
INSERT INTO public.lesson (id, duration_id, study_subject_id, group_id, lecturer_id, class_room_id, date) VALUES (427, 5, 8, 8, 5, 25, '2026-02-03');
INSERT INTO public.lesson (id, duration_id, study_subject_id, group_id, lecturer_id, class_room_id, date) VALUES (428, 3, 10, 8, 8, 30, '2026-02-03');
INSERT INTO public.lesson (id, duration_id, study_subject_id, group_id, lecturer_id, class_room_id, date) VALUES (429, 3, 10, 8, 8, 33, '2026-02-04');
INSERT INTO public.lesson (id, duration_id, study_subject_id, group_id, lecturer_id, class_room_id, date) VALUES (430, 2, 4, 8, 3, 17, '2026-02-04');
INSERT INTO public.lesson (id, duration_id, study_subject_id, group_id, lecturer_id, class_room_id, date) VALUES (431, 4, 1, 8, 7, 42, '2026-02-04');
INSERT INTO public.lesson (id, duration_id, study_subject_id, group_id, lecturer_id, class_room_id, date) VALUES (432, 5, 1, 8, 7, 27, '2026-02-05');
INSERT INTO public.lesson (id, duration_id, study_subject_id, group_id, lecturer_id, class_room_id, date) VALUES (433, 1, 10, 8, 8, 30, '2026-02-05');
INSERT INTO public.lesson (id, duration_id, study_subject_id, group_id, lecturer_id, class_room_id, date) VALUES (434, 3, 3, 8, 1, 41, '2026-02-05');
INSERT INTO public.lesson (id, duration_id, study_subject_id, group_id, lecturer_id, class_room_id, date) VALUES (435, 2, 10, 8, 8, 38, '2026-02-06');
INSERT INTO public.lesson (id, duration_id, study_subject_id, group_id, lecturer_id, class_room_id, date) VALUES (436, 1, 7, 8, 10, 39, '2026-02-06');
INSERT INTO public.lesson (id, duration_id, study_subject_id, group_id, lecturer_id, class_room_id, date) VALUES (437, 5, 2, 8, 6, 13, '2026-02-06');
INSERT INTO public.lesson (id, duration_id, study_subject_id, group_id, lecturer_id, class_room_id, date) VALUES (438, 4, 6, 8, 7, 42, '2026-02-09');
INSERT INTO public.lesson (id, duration_id, study_subject_id, group_id, lecturer_id, class_room_id, date) VALUES (439, 5, 8, 8, 5, 17, '2026-02-09');
INSERT INTO public.lesson (id, duration_id, study_subject_id, group_id, lecturer_id, class_room_id, date) VALUES (440, 2, 7, 8, 10, 16, '2026-02-10');
INSERT INTO public.lesson (id, duration_id, study_subject_id, group_id, lecturer_id, class_room_id, date) VALUES (441, 4, 2, 8, 6, 45, '2026-02-10');
INSERT INTO public.lesson (id, duration_id, study_subject_id, group_id, lecturer_id, class_room_id, date) VALUES (442, 1, 2, 8, 8, 41, '2026-02-10');
INSERT INTO public.lesson (id, duration_id, study_subject_id, group_id, lecturer_id, class_room_id, date) VALUES (443, 1, 6, 8, 1, 22, '2026-02-11');
INSERT INTO public.lesson (id, duration_id, study_subject_id, group_id, lecturer_id, class_room_id, date) VALUES (444, 6, 10, 8, 8, 40, '2026-02-11');
INSERT INTO public.lesson (id, duration_id, study_subject_id, group_id, lecturer_id, class_room_id, date) VALUES (445, 4, 7, 8, 10, 23, '2026-02-11');
INSERT INTO public.lesson (id, duration_id, study_subject_id, group_id, lecturer_id, class_room_id, date) VALUES (446, 6, 8, 8, 7, 42, '2026-02-12');
INSERT INTO public.lesson (id, duration_id, study_subject_id, group_id, lecturer_id, class_room_id, date) VALUES (447, 4, 10, 8, 8, 50, '2026-02-12');
INSERT INTO public.lesson (id, duration_id, study_subject_id, group_id, lecturer_id, class_room_id, date) VALUES (448, 5, 2, 8, 6, 1, '2026-02-12');
INSERT INTO public.lesson (id, duration_id, study_subject_id, group_id, lecturer_id, class_room_id, date) VALUES (449, 4, 8, 8, 5, 47, '2026-02-13');
INSERT INTO public.lesson (id, duration_id, study_subject_id, group_id, lecturer_id, class_room_id, date) VALUES (450, 6, 9, 8, 3, 19, '2026-02-13');
INSERT INTO public.lesson (id, duration_id, study_subject_id, group_id, lecturer_id, class_room_id, date) VALUES (451, 2, 10, 8, 8, 34, '2026-02-13');
INSERT INTO public.lesson (id, duration_id, study_subject_id, group_id, lecturer_id, class_room_id, date) VALUES (452, 5, 4, 8, 3, 10, '2026-02-16');
INSERT INTO public.lesson (id, duration_id, study_subject_id, group_id, lecturer_id, class_room_id, date) VALUES (453, 4, 5, 8, 10, 1, '2026-02-16');
INSERT INTO public.lesson (id, duration_id, study_subject_id, group_id, lecturer_id, class_room_id, date) VALUES (454, 6, 10, 9, 8, 43, '2026-01-20');
INSERT INTO public.lesson (id, duration_id, study_subject_id, group_id, lecturer_id, class_room_id, date) VALUES (455, 2, 5, 9, 10, 23, '2026-01-20');
INSERT INTO public.lesson (id, duration_id, study_subject_id, group_id, lecturer_id, class_room_id, date) VALUES (456, 1, 4, 9, 3, 30, '2026-01-20');
INSERT INTO public.lesson (id, duration_id, study_subject_id, group_id, lecturer_id, class_room_id, date) VALUES (457, 1, 5, 9, 10, 9, '2026-01-21');
INSERT INTO public.lesson (id, duration_id, study_subject_id, group_id, lecturer_id, class_room_id, date) VALUES (458, 4, 3, 9, 1, 4, '2026-01-21');
INSERT INTO public.lesson (id, duration_id, study_subject_id, group_id, lecturer_id, class_room_id, date) VALUES (459, 5, 1, 9, 7, 14, '2026-01-21');
INSERT INTO public.lesson (id, duration_id, study_subject_id, group_id, lecturer_id, class_room_id, date) VALUES (460, 3, 3, 9, 10, 34, '2026-01-22');
INSERT INTO public.lesson (id, duration_id, study_subject_id, group_id, lecturer_id, class_room_id, date) VALUES (461, 6, 10, 9, 8, 27, '2026-01-22');
INSERT INTO public.lesson (id, duration_id, study_subject_id, group_id, lecturer_id, class_room_id, date) VALUES (462, 3, 4, 9, 3, 19, '2026-01-23');
INSERT INTO public.lesson (id, duration_id, study_subject_id, group_id, lecturer_id, class_room_id, date) VALUES (463, 1, 7, 9, 10, 4, '2026-01-23');
INSERT INTO public.lesson (id, duration_id, study_subject_id, group_id, lecturer_id, class_room_id, date) VALUES (464, 6, 9, 9, 5, 35, '2026-01-26');
INSERT INTO public.lesson (id, duration_id, study_subject_id, group_id, lecturer_id, class_room_id, date) VALUES (465, 1, 6, 9, 1, 36, '2026-01-26');
INSERT INTO public.lesson (id, duration_id, study_subject_id, group_id, lecturer_id, class_room_id, date) VALUES (466, 4, 3, 9, 10, 31, '2026-01-26');
INSERT INTO public.lesson (id, duration_id, study_subject_id, group_id, lecturer_id, class_room_id, date) VALUES (467, 4, 2, 9, 8, 43, '2026-01-27');
INSERT INTO public.lesson (id, duration_id, study_subject_id, group_id, lecturer_id, class_room_id, date) VALUES (468, 5, 8, 9, 7, 23, '2026-01-27');
INSERT INTO public.lesson (id, duration_id, study_subject_id, group_id, lecturer_id, class_room_id, date) VALUES (469, 3, 2, 9, 6, 17, '2026-01-27');
INSERT INTO public.lesson (id, duration_id, study_subject_id, group_id, lecturer_id, class_room_id, date) VALUES (470, 6, 6, 9, 7, 24, '2026-01-28');
INSERT INTO public.lesson (id, duration_id, study_subject_id, group_id, lecturer_id, class_room_id, date) VALUES (471, 3, 6, 9, 1, 22, '2026-01-28');
INSERT INTO public.lesson (id, duration_id, study_subject_id, group_id, lecturer_id, class_room_id, date) VALUES (472, 4, 4, 9, 3, 28, '2026-01-28');
INSERT INTO public.lesson (id, duration_id, study_subject_id, group_id, lecturer_id, class_room_id, date) VALUES (473, 3, 7, 9, 10, 1, '2026-01-29');
INSERT INTO public.lesson (id, duration_id, study_subject_id, group_id, lecturer_id, class_room_id, date) VALUES (474, 6, 6, 9, 7, 40, '2026-01-29');
INSERT INTO public.lesson (id, duration_id, study_subject_id, group_id, lecturer_id, class_room_id, date) VALUES (475, 5, 2, 9, 6, 38, '2026-01-29');
INSERT INTO public.lesson (id, duration_id, study_subject_id, group_id, lecturer_id, class_room_id, date) VALUES (476, 2, 9, 9, 5, 24, '2026-01-29');
INSERT INTO public.lesson (id, duration_id, study_subject_id, group_id, lecturer_id, class_room_id, date) VALUES (477, 5, 1, 9, 7, 35, '2026-01-30');
INSERT INTO public.lesson (id, duration_id, study_subject_id, group_id, lecturer_id, class_room_id, date) VALUES (478, 4, 4, 9, 3, 23, '2026-01-30');
INSERT INTO public.lesson (id, duration_id, study_subject_id, group_id, lecturer_id, class_room_id, date) VALUES (479, 3, 9, 9, 3, 18, '2026-02-02');
INSERT INTO public.lesson (id, duration_id, study_subject_id, group_id, lecturer_id, class_room_id, date) VALUES (480, 2, 7, 9, 10, 8, '2026-02-02');
INSERT INTO public.lesson (id, duration_id, study_subject_id, group_id, lecturer_id, class_room_id, date) VALUES (481, 5, 5, 9, 10, 3, '2026-02-03');
INSERT INTO public.lesson (id, duration_id, study_subject_id, group_id, lecturer_id, class_room_id, date) VALUES (482, 4, 2, 9, 8, 20, '2026-02-03');
INSERT INTO public.lesson (id, duration_id, study_subject_id, group_id, lecturer_id, class_room_id, date) VALUES (483, 3, 2, 9, 6, 49, '2026-02-03');
INSERT INTO public.lesson (id, duration_id, study_subject_id, group_id, lecturer_id, class_room_id, date) VALUES (484, 3, 1, 9, 7, 3, '2026-02-04');
INSERT INTO public.lesson (id, duration_id, study_subject_id, group_id, lecturer_id, class_room_id, date) VALUES (485, 1, 6, 9, 1, 25, '2026-02-04');
INSERT INTO public.lesson (id, duration_id, study_subject_id, group_id, lecturer_id, class_room_id, date) VALUES (486, 4, 5, 9, 10, 36, '2026-02-04');
INSERT INTO public.lesson (id, duration_id, study_subject_id, group_id, lecturer_id, class_room_id, date) VALUES (487, 6, 9, 9, 5, 26, '2026-02-05');
INSERT INTO public.lesson (id, duration_id, study_subject_id, group_id, lecturer_id, class_room_id, date) VALUES (488, 1, 5, 9, 6, 50, '2026-02-05');
INSERT INTO public.lesson (id, duration_id, study_subject_id, group_id, lecturer_id, class_room_id, date) VALUES (489, 4, 9, 9, 3, 21, '2026-02-05');
INSERT INTO public.lesson (id, duration_id, study_subject_id, group_id, lecturer_id, class_room_id, date) VALUES (490, 5, 5, 9, 10, 44, '2026-02-06');
INSERT INTO public.lesson (id, duration_id, study_subject_id, group_id, lecturer_id, class_room_id, date) VALUES (491, 1, 3, 9, 5, 4, '2026-02-06');
INSERT INTO public.lesson (id, duration_id, study_subject_id, group_id, lecturer_id, class_room_id, date) VALUES (492, 3, 3, 9, 1, 49, '2026-02-06');
INSERT INTO public.lesson (id, duration_id, study_subject_id, group_id, lecturer_id, class_room_id, date) VALUES (493, 1, 3, 9, 5, 4, '2026-02-09');
INSERT INTO public.lesson (id, duration_id, study_subject_id, group_id, lecturer_id, class_room_id, date) VALUES (494, 2, 5, 9, 6, 18, '2026-02-09');
INSERT INTO public.lesson (id, duration_id, study_subject_id, group_id, lecturer_id, class_room_id, date) VALUES (495, 3, 10, 9, 8, 41, '2026-02-09');
INSERT INTO public.lesson (id, duration_id, study_subject_id, group_id, lecturer_id, class_room_id, date) VALUES (496, 6, 1, 9, 7, 46, '2026-02-09');
INSERT INTO public.lesson (id, duration_id, study_subject_id, group_id, lecturer_id, class_room_id, date) VALUES (497, 3, 5, 9, 6, 31, '2026-02-10');
INSERT INTO public.lesson (id, duration_id, study_subject_id, group_id, lecturer_id, class_room_id, date) VALUES (498, 5, 8, 9, 5, 32, '2026-02-10');
INSERT INTO public.lesson (id, duration_id, study_subject_id, group_id, lecturer_id, class_room_id, date) VALUES (499, 6, 4, 9, 3, 44, '2026-02-10');
INSERT INTO public.lesson (id, duration_id, study_subject_id, group_id, lecturer_id, class_room_id, date) VALUES (500, 2, 5, 9, 10, 11, '2026-02-10');
INSERT INTO public.lesson (id, duration_id, study_subject_id, group_id, lecturer_id, class_room_id, date) VALUES (501, 6, 8, 9, 7, 22, '2026-02-11');
INSERT INTO public.lesson (id, duration_id, study_subject_id, group_id, lecturer_id, class_room_id, date) VALUES (502, 1, 4, 9, 3, 41, '2026-02-11');
INSERT INTO public.lesson (id, duration_id, study_subject_id, group_id, lecturer_id, class_room_id, date) VALUES (503, 3, 8, 9, 5, 5, '2026-02-11');
INSERT INTO public.lesson (id, duration_id, study_subject_id, group_id, lecturer_id, class_room_id, date) VALUES (504, 1, 2, 9, 8, 7, '2026-02-12');
INSERT INTO public.lesson (id, duration_id, study_subject_id, group_id, lecturer_id, class_room_id, date) VALUES (505, 4, 1, 9, 7, 33, '2026-02-12');
INSERT INTO public.lesson (id, duration_id, study_subject_id, group_id, lecturer_id, class_room_id, date) VALUES (506, 6, 3, 9, 5, 19, '2026-02-13');
INSERT INTO public.lesson (id, duration_id, study_subject_id, group_id, lecturer_id, class_room_id, date) VALUES (507, 1, 9, 9, 3, 41, '2026-02-13');
INSERT INTO public.lesson (id, duration_id, study_subject_id, group_id, lecturer_id, class_room_id, date) VALUES (508, 3, 1, 9, 7, 29, '2026-02-13');
INSERT INTO public.lesson (id, duration_id, study_subject_id, group_id, lecturer_id, class_room_id, date) VALUES (509, 4, 6, 9, 1, 16, '2026-02-16');
INSERT INTO public.lesson (id, duration_id, study_subject_id, group_id, lecturer_id, class_room_id, date) VALUES (510, 5, 1, 9, 7, 47, '2026-02-16');
INSERT INTO public.lesson (id, duration_id, study_subject_id, group_id, lecturer_id, class_room_id, date) VALUES (511, 6, 1, 10, 7, 22, '2026-01-20');
INSERT INTO public.lesson (id, duration_id, study_subject_id, group_id, lecturer_id, class_room_id, date) VALUES (512, 5, 4, 10, 3, 16, '2026-01-20');
INSERT INTO public.lesson (id, duration_id, study_subject_id, group_id, lecturer_id, class_room_id, date) VALUES (513, 4, 9, 10, 5, 32, '2026-01-20');
INSERT INTO public.lesson (id, duration_id, study_subject_id, group_id, lecturer_id, class_room_id, date) VALUES (514, 1, 9, 10, 3, 7, '2026-01-21');
INSERT INTO public.lesson (id, duration_id, study_subject_id, group_id, lecturer_id, class_room_id, date) VALUES (515, 3, 9, 10, 5, 10, '2026-01-21');
INSERT INTO public.lesson (id, duration_id, study_subject_id, group_id, lecturer_id, class_room_id, date) VALUES (516, 2, 5, 10, 10, 1, '2026-01-21');
INSERT INTO public.lesson (id, duration_id, study_subject_id, group_id, lecturer_id, class_room_id, date) VALUES (517, 4, 10, 10, 8, 46, '2026-01-22');
INSERT INTO public.lesson (id, duration_id, study_subject_id, group_id, lecturer_id, class_room_id, date) VALUES (518, 5, 6, 10, 7, 7, '2026-01-22');
INSERT INTO public.lesson (id, duration_id, study_subject_id, group_id, lecturer_id, class_room_id, date) VALUES (519, 1, 2, 10, 6, 25, '2026-01-22');
INSERT INTO public.lesson (id, duration_id, study_subject_id, group_id, lecturer_id, class_room_id, date) VALUES (520, 6, 4, 10, 3, 4, '2026-01-23');
INSERT INTO public.lesson (id, duration_id, study_subject_id, group_id, lecturer_id, class_room_id, date) VALUES (521, 2, 9, 10, 5, 30, '2026-01-23');
INSERT INTO public.lesson (id, duration_id, study_subject_id, group_id, lecturer_id, class_room_id, date) VALUES (522, 5, 6, 10, 1, 46, '2026-01-23');
INSERT INTO public.lesson (id, duration_id, study_subject_id, group_id, lecturer_id, class_room_id, date) VALUES (523, 3, 5, 10, 10, 32, '2026-01-23');
INSERT INTO public.lesson (id, duration_id, study_subject_id, group_id, lecturer_id, class_room_id, date) VALUES (524, 3, 5, 10, 10, 49, '2026-01-26');
INSERT INTO public.lesson (id, duration_id, study_subject_id, group_id, lecturer_id, class_room_id, date) VALUES (525, 2, 6, 10, 7, 41, '2026-01-26');
INSERT INTO public.lesson (id, duration_id, study_subject_id, group_id, lecturer_id, class_room_id, date) VALUES (526, 1, 8, 10, 5, 46, '2026-01-26');
INSERT INTO public.lesson (id, duration_id, study_subject_id, group_id, lecturer_id, class_room_id, date) VALUES (527, 2, 1, 10, 7, 50, '2026-01-27');
INSERT INTO public.lesson (id, duration_id, study_subject_id, group_id, lecturer_id, class_room_id, date) VALUES (528, 6, 8, 10, 5, 18, '2026-01-27');
INSERT INTO public.lesson (id, duration_id, study_subject_id, group_id, lecturer_id, class_room_id, date) VALUES (529, 4, 3, 10, 10, 3, '2026-01-27');
INSERT INTO public.lesson (id, duration_id, study_subject_id, group_id, lecturer_id, class_room_id, date) VALUES (530, 6, 9, 10, 5, 36, '2026-01-28');
INSERT INTO public.lesson (id, duration_id, study_subject_id, group_id, lecturer_id, class_room_id, date) VALUES (531, 5, 8, 10, 7, 47, '2026-01-28');
INSERT INTO public.lesson (id, duration_id, study_subject_id, group_id, lecturer_id, class_room_id, date) VALUES (532, 1, 10, 10, 8, 38, '2026-01-28');
INSERT INTO public.lesson (id, duration_id, study_subject_id, group_id, lecturer_id, class_room_id, date) VALUES (533, 4, 7, 10, 10, 18, '2026-01-29');
INSERT INTO public.lesson (id, duration_id, study_subject_id, group_id, lecturer_id, class_room_id, date) VALUES (534, 2, 1, 10, 7, 22, '2026-01-29');
INSERT INTO public.lesson (id, duration_id, study_subject_id, group_id, lecturer_id, class_room_id, date) VALUES (535, 1, 3, 10, 1, 36, '2026-01-29');
INSERT INTO public.lesson (id, duration_id, study_subject_id, group_id, lecturer_id, class_room_id, date) VALUES (536, 3, 3, 10, 5, 12, '2026-01-29');
INSERT INTO public.lesson (id, duration_id, study_subject_id, group_id, lecturer_id, class_room_id, date) VALUES (537, 6, 3, 10, 10, 50, '2026-01-30');
INSERT INTO public.lesson (id, duration_id, study_subject_id, group_id, lecturer_id, class_room_id, date) VALUES (538, 5, 1, 10, 7, 28, '2026-01-30');
INSERT INTO public.lesson (id, duration_id, study_subject_id, group_id, lecturer_id, class_room_id, date) VALUES (539, 3, 2, 10, 6, 25, '2026-01-30');
INSERT INTO public.lesson (id, duration_id, study_subject_id, group_id, lecturer_id, class_room_id, date) VALUES (540, 6, 2, 10, 8, 20, '2026-02-02');
INSERT INTO public.lesson (id, duration_id, study_subject_id, group_id, lecturer_id, class_room_id, date) VALUES (541, 4, 4, 10, 3, 46, '2026-02-02');
INSERT INTO public.lesson (id, duration_id, study_subject_id, group_id, lecturer_id, class_room_id, date) VALUES (542, 2, 7, 10, 10, 32, '2026-02-02');
INSERT INTO public.lesson (id, duration_id, study_subject_id, group_id, lecturer_id, class_room_id, date) VALUES (543, 3, 6, 10, 1, 10, '2026-02-02');
INSERT INTO public.lesson (id, duration_id, study_subject_id, group_id, lecturer_id, class_room_id, date) VALUES (544, 5, 8, 10, 5, 33, '2026-02-03');
INSERT INTO public.lesson (id, duration_id, study_subject_id, group_id, lecturer_id, class_room_id, date) VALUES (545, 4, 2, 10, 6, 31, '2026-02-03');
INSERT INTO public.lesson (id, duration_id, study_subject_id, group_id, lecturer_id, class_room_id, date) VALUES (546, 2, 10, 10, 8, 5, '2026-02-03');
INSERT INTO public.lesson (id, duration_id, study_subject_id, group_id, lecturer_id, class_room_id, date) VALUES (547, 1, 3, 10, 1, 49, '2026-02-03');
INSERT INTO public.lesson (id, duration_id, study_subject_id, group_id, lecturer_id, class_room_id, date) VALUES (548, 2, 5, 10, 6, 3, '2026-02-04');
INSERT INTO public.lesson (id, duration_id, study_subject_id, group_id, lecturer_id, class_room_id, date) VALUES (549, 1, 4, 10, 3, 9, '2026-02-04');
INSERT INTO public.lesson (id, duration_id, study_subject_id, group_id, lecturer_id, class_room_id, date) VALUES (550, 3, 10, 10, 8, 11, '2026-02-05');
INSERT INTO public.lesson (id, duration_id, study_subject_id, group_id, lecturer_id, class_room_id, date) VALUES (551, 1, 1, 10, 7, 15, '2026-02-05');
INSERT INTO public.lesson (id, duration_id, study_subject_id, group_id, lecturer_id, class_room_id, date) VALUES (552, 6, 8, 10, 5, 38, '2026-02-05');
INSERT INTO public.lesson (id, duration_id, study_subject_id, group_id, lecturer_id, class_room_id, date) VALUES (553, 6, 3, 10, 1, 24, '2026-02-06');
INSERT INTO public.lesson (id, duration_id, study_subject_id, group_id, lecturer_id, class_room_id, date) VALUES (554, 4, 7, 10, 10, 45, '2026-02-06');
INSERT INTO public.lesson (id, duration_id, study_subject_id, group_id, lecturer_id, class_room_id, date) VALUES (555, 1, 6, 10, 7, 14, '2026-02-06');
INSERT INTO public.lesson (id, duration_id, study_subject_id, group_id, lecturer_id, class_room_id, date) VALUES (556, 1, 2, 10, 6, 47, '2026-02-09');
INSERT INTO public.lesson (id, duration_id, study_subject_id, group_id, lecturer_id, class_room_id, date) VALUES (557, 5, 9, 10, 3, 46, '2026-02-09');
INSERT INTO public.lesson (id, duration_id, study_subject_id, group_id, lecturer_id, class_room_id, date) VALUES (558, 1, 7, 10, 10, 9, '2026-02-10');
INSERT INTO public.lesson (id, duration_id, study_subject_id, group_id, lecturer_id, class_room_id, date) VALUES (559, 2, 2, 10, 6, 3, '2026-02-10');
INSERT INTO public.lesson (id, duration_id, study_subject_id, group_id, lecturer_id, class_room_id, date) VALUES (560, 1, 1, 10, 7, 46, '2026-02-11');
INSERT INTO public.lesson (id, duration_id, study_subject_id, group_id, lecturer_id, class_room_id, date) VALUES (561, 5, 3, 10, 1, 1, '2026-02-11');
INSERT INTO public.lesson (id, duration_id, study_subject_id, group_id, lecturer_id, class_room_id, date) VALUES (562, 3, 3, 10, 10, 45, '2026-02-11');
INSERT INTO public.lesson (id, duration_id, study_subject_id, group_id, lecturer_id, class_room_id, date) VALUES (563, 5, 9, 10, 5, 37, '2026-02-12');
INSERT INTO public.lesson (id, duration_id, study_subject_id, group_id, lecturer_id, class_room_id, date) VALUES (564, 1, 6, 10, 1, 41, '2026-02-12');
INSERT INTO public.lesson (id, duration_id, study_subject_id, group_id, lecturer_id, class_room_id, date) VALUES (565, 2, 6, 10, 7, 10, '2026-02-12');
INSERT INTO public.lesson (id, duration_id, study_subject_id, group_id, lecturer_id, class_room_id, date) VALUES (566, 1, 10, 10, 8, 34, '2026-02-13');
INSERT INTO public.lesson (id, duration_id, study_subject_id, group_id, lecturer_id, class_room_id, date) VALUES (567, 2, 1, 10, 7, 43, '2026-02-13');
INSERT INTO public.lesson (id, duration_id, study_subject_id, group_id, lecturer_id, class_room_id, date) VALUES (568, 6, 3, 10, 5, 45, '2026-02-13');
INSERT INTO public.lesson (id, duration_id, study_subject_id, group_id, lecturer_id, class_room_id, date) VALUES (569, 3, 10, 10, 8, 13, '2026-02-16');
INSERT INTO public.lesson (id, duration_id, study_subject_id, group_id, lecturer_id, class_room_id, date) VALUES (570, 6, 8, 10, 7, 48, '2026-02-16');
INSERT INTO public.lesson (id, duration_id, study_subject_id, group_id, lecturer_id, class_room_id, date) VALUES (571, 6, 5, 11, 10, 4, '2026-01-20');
INSERT INTO public.lesson (id, duration_id, study_subject_id, group_id, lecturer_id, class_room_id, date) VALUES (572, 4, 2, 11, 8, 30, '2026-01-20');
INSERT INTO public.lesson (id, duration_id, study_subject_id, group_id, lecturer_id, class_room_id, date) VALUES (573, 2, 8, 11, 7, 20, '2026-01-20');
INSERT INTO public.lesson (id, duration_id, study_subject_id, group_id, lecturer_id, class_room_id, date) VALUES (574, 1, 4, 11, 3, 35, '2026-01-21');
INSERT INTO public.lesson (id, duration_id, study_subject_id, group_id, lecturer_id, class_room_id, date) VALUES (575, 6, 3, 11, 1, 45, '2026-01-21');
INSERT INTO public.lesson (id, duration_id, study_subject_id, group_id, lecturer_id, class_room_id, date) VALUES (576, 5, 10, 11, 8, 25, '2026-01-21');
INSERT INTO public.lesson (id, duration_id, study_subject_id, group_id, lecturer_id, class_room_id, date) VALUES (577, 4, 1, 11, 7, 24, '2026-01-21');
INSERT INTO public.lesson (id, duration_id, study_subject_id, group_id, lecturer_id, class_room_id, date) VALUES (578, 1, 1, 11, 7, 12, '2026-01-22');
INSERT INTO public.lesson (id, duration_id, study_subject_id, group_id, lecturer_id, class_room_id, date) VALUES (579, 3, 7, 11, 10, 26, '2026-01-22');
INSERT INTO public.lesson (id, duration_id, study_subject_id, group_id, lecturer_id, class_room_id, date) VALUES (580, 1, 3, 11, 10, 11, '2026-01-23');
INSERT INTO public.lesson (id, duration_id, study_subject_id, group_id, lecturer_id, class_room_id, date) VALUES (581, 2, 5, 11, 6, 22, '2026-01-26');
INSERT INTO public.lesson (id, duration_id, study_subject_id, group_id, lecturer_id, class_room_id, date) VALUES (582, 6, 5, 11, 10, 24, '2026-01-26');
INSERT INTO public.lesson (id, duration_id, study_subject_id, group_id, lecturer_id, class_room_id, date) VALUES (583, 3, 9, 11, 5, 28, '2026-01-27');
INSERT INTO public.lesson (id, duration_id, study_subject_id, group_id, lecturer_id, class_room_id, date) VALUES (584, 2, 7, 11, 10, 14, '2026-01-27');
INSERT INTO public.lesson (id, duration_id, study_subject_id, group_id, lecturer_id, class_room_id, date) VALUES (585, 5, 6, 11, 7, 10, '2026-01-27');
INSERT INTO public.lesson (id, duration_id, study_subject_id, group_id, lecturer_id, class_room_id, date) VALUES (586, 2, 5, 11, 6, 7, '2026-01-28');
INSERT INTO public.lesson (id, duration_id, study_subject_id, group_id, lecturer_id, class_room_id, date) VALUES (587, 5, 2, 11, 8, 17, '2026-01-28');
INSERT INTO public.lesson (id, duration_id, study_subject_id, group_id, lecturer_id, class_room_id, date) VALUES (588, 1, 7, 11, 10, 38, '2026-01-29');
INSERT INTO public.lesson (id, duration_id, study_subject_id, group_id, lecturer_id, class_room_id, date) VALUES (589, 2, 5, 11, 6, 26, '2026-01-29');
INSERT INTO public.lesson (id, duration_id, study_subject_id, group_id, lecturer_id, class_room_id, date) VALUES (590, 6, 8, 11, 7, 8, '2026-01-29');
INSERT INTO public.lesson (id, duration_id, study_subject_id, group_id, lecturer_id, class_room_id, date) VALUES (591, 2, 8, 11, 7, 22, '2026-01-30');
INSERT INTO public.lesson (id, duration_id, study_subject_id, group_id, lecturer_id, class_room_id, date) VALUES (592, 5, 3, 11, 1, 41, '2026-01-30');
INSERT INTO public.lesson (id, duration_id, study_subject_id, group_id, lecturer_id, class_room_id, date) VALUES (593, 1, 8, 11, 5, 31, '2026-01-30');
INSERT INTO public.lesson (id, duration_id, study_subject_id, group_id, lecturer_id, class_room_id, date) VALUES (594, 3, 10, 11, 8, 2, '2026-02-02');
INSERT INTO public.lesson (id, duration_id, study_subject_id, group_id, lecturer_id, class_room_id, date) VALUES (595, 5, 8, 11, 7, 48, '2026-02-02');
INSERT INTO public.lesson (id, duration_id, study_subject_id, group_id, lecturer_id, class_room_id, date) VALUES (596, 2, 7, 11, 10, 21, '2026-02-02');
INSERT INTO public.lesson (id, duration_id, study_subject_id, group_id, lecturer_id, class_room_id, date) VALUES (597, 4, 3, 11, 1, 37, '2026-02-03');
INSERT INTO public.lesson (id, duration_id, study_subject_id, group_id, lecturer_id, class_room_id, date) VALUES (598, 3, 2, 11, 8, 5, '2026-02-03');
INSERT INTO public.lesson (id, duration_id, study_subject_id, group_id, lecturer_id, class_room_id, date) VALUES (599, 6, 4, 11, 3, 7, '2026-02-03');
INSERT INTO public.lesson (id, duration_id, study_subject_id, group_id, lecturer_id, class_room_id, date) VALUES (600, 2, 4, 11, 3, 15, '2026-02-04');
INSERT INTO public.lesson (id, duration_id, study_subject_id, group_id, lecturer_id, class_room_id, date) VALUES (601, 1, 8, 11, 7, 6, '2026-02-05');
INSERT INTO public.lesson (id, duration_id, study_subject_id, group_id, lecturer_id, class_room_id, date) VALUES (602, 5, 5, 11, 6, 18, '2026-02-05');
INSERT INTO public.lesson (id, duration_id, study_subject_id, group_id, lecturer_id, class_room_id, date) VALUES (603, 2, 4, 11, 3, 39, '2026-02-06');
INSERT INTO public.lesson (id, duration_id, study_subject_id, group_id, lecturer_id, class_room_id, date) VALUES (604, 5, 9, 11, 5, 47, '2026-02-06');
INSERT INTO public.lesson (id, duration_id, study_subject_id, group_id, lecturer_id, class_room_id, date) VALUES (605, 3, 9, 11, 3, 8, '2026-02-09');
INSERT INTO public.lesson (id, duration_id, study_subject_id, group_id, lecturer_id, class_room_id, date) VALUES (606, 3, 10, 11, 8, 11, '2026-02-10');
INSERT INTO public.lesson (id, duration_id, study_subject_id, group_id, lecturer_id, class_room_id, date) VALUES (607, 2, 7, 11, 10, 44, '2026-02-10');
INSERT INTO public.lesson (id, duration_id, study_subject_id, group_id, lecturer_id, class_room_id, date) VALUES (608, 5, 2, 11, 8, 13, '2026-02-11');
INSERT INTO public.lesson (id, duration_id, study_subject_id, group_id, lecturer_id, class_room_id, date) VALUES (609, 2, 8, 11, 5, 26, '2026-02-11');
INSERT INTO public.lesson (id, duration_id, study_subject_id, group_id, lecturer_id, class_room_id, date) VALUES (610, 2, 3, 11, 10, 30, '2026-02-12');
INSERT INTO public.lesson (id, duration_id, study_subject_id, group_id, lecturer_id, class_room_id, date) VALUES (611, 5, 6, 11, 7, 23, '2026-02-12');
INSERT INTO public.lesson (id, duration_id, study_subject_id, group_id, lecturer_id, class_room_id, date) VALUES (612, 6, 6, 11, 7, 18, '2026-02-13');
INSERT INTO public.lesson (id, duration_id, study_subject_id, group_id, lecturer_id, class_room_id, date) VALUES (613, 2, 10, 11, 8, 33, '2026-02-13');
INSERT INTO public.lesson (id, duration_id, study_subject_id, group_id, lecturer_id, class_room_id, date) VALUES (614, 1, 6, 11, 7, 10, '2026-02-16');
INSERT INTO public.lesson (id, duration_id, study_subject_id, group_id, lecturer_id, class_room_id, date) VALUES (615, 2, 3, 11, 5, 32, '2026-02-16');
INSERT INTO public.lesson (id, duration_id, study_subject_id, group_id, lecturer_id, class_room_id, date) VALUES (616, 4, 8, 12, 5, 16, '2026-01-20');
INSERT INTO public.lesson (id, duration_id, study_subject_id, group_id, lecturer_id, class_room_id, date) VALUES (617, 3, 7, 12, 10, 22, '2026-01-20');
INSERT INTO public.lesson (id, duration_id, study_subject_id, group_id, lecturer_id, class_room_id, date) VALUES (618, 5, 8, 12, 7, 8, '2026-01-20');
INSERT INTO public.lesson (id, duration_id, study_subject_id, group_id, lecturer_id, class_room_id, date) VALUES (619, 1, 4, 12, 3, 40, '2026-01-20');
INSERT INTO public.lesson (id, duration_id, study_subject_id, group_id, lecturer_id, class_room_id, date) VALUES (620, 5, 9, 12, 3, 41, '2026-01-21');
INSERT INTO public.lesson (id, duration_id, study_subject_id, group_id, lecturer_id, class_room_id, date) VALUES (621, 6, 1, 12, 7, 6, '2026-01-21');
INSERT INTO public.lesson (id, duration_id, study_subject_id, group_id, lecturer_id, class_room_id, date) VALUES (622, 3, 10, 12, 8, 16, '2026-01-21');
INSERT INTO public.lesson (id, duration_id, study_subject_id, group_id, lecturer_id, class_room_id, date) VALUES (623, 6, 6, 12, 1, 4, '2026-01-22');
INSERT INTO public.lesson (id, duration_id, study_subject_id, group_id, lecturer_id, class_room_id, date) VALUES (624, 4, 7, 12, 10, 11, '2026-01-22');
INSERT INTO public.lesson (id, duration_id, study_subject_id, group_id, lecturer_id, class_room_id, date) VALUES (625, 2, 8, 12, 5, 30, '2026-01-23');
INSERT INTO public.lesson (id, duration_id, study_subject_id, group_id, lecturer_id, class_room_id, date) VALUES (626, 1, 8, 12, 7, 13, '2026-01-23');
INSERT INTO public.lesson (id, duration_id, study_subject_id, group_id, lecturer_id, class_room_id, date) VALUES (627, 3, 2, 12, 6, 49, '2026-01-23');
INSERT INTO public.lesson (id, duration_id, study_subject_id, group_id, lecturer_id, class_room_id, date) VALUES (628, 5, 7, 12, 10, 6, '2026-01-23');
INSERT INTO public.lesson (id, duration_id, study_subject_id, group_id, lecturer_id, class_room_id, date) VALUES (629, 4, 2, 12, 8, 40, '2026-01-26');
INSERT INTO public.lesson (id, duration_id, study_subject_id, group_id, lecturer_id, class_room_id, date) VALUES (630, 5, 5, 12, 6, 44, '2026-01-27');
INSERT INTO public.lesson (id, duration_id, study_subject_id, group_id, lecturer_id, class_room_id, date) VALUES (631, 4, 5, 12, 10, 24, '2026-01-27');
INSERT INTO public.lesson (id, duration_id, study_subject_id, group_id, lecturer_id, class_room_id, date) VALUES (632, 2, 3, 12, 10, 15, '2026-01-28');
INSERT INTO public.lesson (id, duration_id, study_subject_id, group_id, lecturer_id, class_room_id, date) VALUES (633, 1, 9, 12, 5, 40, '2026-01-28');
INSERT INTO public.lesson (id, duration_id, study_subject_id, group_id, lecturer_id, class_room_id, date) VALUES (634, 3, 4, 12, 3, 27, '2026-01-28');
INSERT INTO public.lesson (id, duration_id, study_subject_id, group_id, lecturer_id, class_room_id, date) VALUES (635, 2, 1, 12, 7, 12, '2026-01-29');
INSERT INTO public.lesson (id, duration_id, study_subject_id, group_id, lecturer_id, class_room_id, date) VALUES (636, 6, 6, 12, 1, 4, '2026-01-29');
INSERT INTO public.lesson (id, duration_id, study_subject_id, group_id, lecturer_id, class_room_id, date) VALUES (637, 5, 10, 12, 8, 9, '2026-01-29');
INSERT INTO public.lesson (id, duration_id, study_subject_id, group_id, lecturer_id, class_room_id, date) VALUES (638, 3, 8, 12, 5, 20, '2026-01-29');
INSERT INTO public.lesson (id, duration_id, study_subject_id, group_id, lecturer_id, class_room_id, date) VALUES (639, 4, 10, 12, 8, 49, '2026-01-30');
INSERT INTO public.lesson (id, duration_id, study_subject_id, group_id, lecturer_id, class_room_id, date) VALUES (640, 3, 3, 12, 10, 39, '2026-01-30');
INSERT INTO public.lesson (id, duration_id, study_subject_id, group_id, lecturer_id, class_room_id, date) VALUES (641, 2, 3, 12, 1, 36, '2026-01-30');
INSERT INTO public.lesson (id, duration_id, study_subject_id, group_id, lecturer_id, class_room_id, date) VALUES (642, 6, 9, 12, 3, 14, '2026-01-30');
INSERT INTO public.lesson (id, duration_id, study_subject_id, group_id, lecturer_id, class_room_id, date) VALUES (643, 5, 10, 12, 8, 4, '2026-02-02');
INSERT INTO public.lesson (id, duration_id, study_subject_id, group_id, lecturer_id, class_room_id, date) VALUES (644, 4, 4, 12, 3, 34, '2026-02-03');
INSERT INTO public.lesson (id, duration_id, study_subject_id, group_id, lecturer_id, class_room_id, date) VALUES (645, 3, 2, 12, 6, 2, '2026-02-03');
INSERT INTO public.lesson (id, duration_id, study_subject_id, group_id, lecturer_id, class_room_id, date) VALUES (646, 6, 6, 12, 1, 45, '2026-02-03');
INSERT INTO public.lesson (id, duration_id, study_subject_id, group_id, lecturer_id, class_room_id, date) VALUES (647, 5, 7, 12, 10, 36, '2026-02-04');
INSERT INTO public.lesson (id, duration_id, study_subject_id, group_id, lecturer_id, class_room_id, date) VALUES (648, 1, 10, 12, 8, 39, '2026-02-04');
INSERT INTO public.lesson (id, duration_id, study_subject_id, group_id, lecturer_id, class_room_id, date) VALUES (649, 6, 7, 12, 10, 34, '2026-02-05');
INSERT INTO public.lesson (id, duration_id, study_subject_id, group_id, lecturer_id, class_room_id, date) VALUES (650, 4, 9, 12, 3, 40, '2026-02-05');
INSERT INTO public.lesson (id, duration_id, study_subject_id, group_id, lecturer_id, class_room_id, date) VALUES (651, 1, 10, 12, 8, 37, '2026-02-05');
INSERT INTO public.lesson (id, duration_id, study_subject_id, group_id, lecturer_id, class_room_id, date) VALUES (652, 2, 9, 12, 5, 30, '2026-02-05');
INSERT INTO public.lesson (id, duration_id, study_subject_id, group_id, lecturer_id, class_room_id, date) VALUES (653, 4, 5, 12, 6, 20, '2026-02-06');
INSERT INTO public.lesson (id, duration_id, study_subject_id, group_id, lecturer_id, class_room_id, date) VALUES (654, 1, 5, 12, 10, 31, '2026-02-06');
INSERT INTO public.lesson (id, duration_id, study_subject_id, group_id, lecturer_id, class_room_id, date) VALUES (655, 5, 4, 12, 3, 4, '2026-02-09');
INSERT INTO public.lesson (id, duration_id, study_subject_id, group_id, lecturer_id, class_room_id, date) VALUES (656, 3, 4, 12, 3, 16, '2026-02-10');
INSERT INTO public.lesson (id, duration_id, study_subject_id, group_id, lecturer_id, class_room_id, date) VALUES (657, 5, 8, 12, 5, 1, '2026-02-10');
INSERT INTO public.lesson (id, duration_id, study_subject_id, group_id, lecturer_id, class_room_id, date) VALUES (658, 5, 4, 12, 3, 2, '2026-02-11');
INSERT INTO public.lesson (id, duration_id, study_subject_id, group_id, lecturer_id, class_room_id, date) VALUES (659, 6, 2, 12, 8, 10, '2026-02-11');
INSERT INTO public.lesson (id, duration_id, study_subject_id, group_id, lecturer_id, class_room_id, date) VALUES (660, 1, 4, 12, 3, 31, '2026-02-12');
INSERT INTO public.lesson (id, duration_id, study_subject_id, group_id, lecturer_id, class_room_id, date) VALUES (661, 3, 10, 12, 8, 33, '2026-02-12');
INSERT INTO public.lesson (id, duration_id, study_subject_id, group_id, lecturer_id, class_room_id, date) VALUES (662, 5, 1, 12, 7, 43, '2026-02-12');
INSERT INTO public.lesson (id, duration_id, study_subject_id, group_id, lecturer_id, class_room_id, date) VALUES (663, 2, 3, 12, 10, 41, '2026-02-13');
INSERT INTO public.lesson (id, duration_id, study_subject_id, group_id, lecturer_id, class_room_id, date) VALUES (664, 4, 8, 12, 7, 15, '2026-02-13');
INSERT INTO public.lesson (id, duration_id, study_subject_id, group_id, lecturer_id, class_room_id, date) VALUES (665, 3, 1, 12, 7, 16, '2026-02-16');
INSERT INTO public.lesson (id, duration_id, study_subject_id, group_id, lecturer_id, class_room_id, date) VALUES (666, 1, 6, 12, 1, 24, '2026-02-16');
INSERT INTO public.lesson (id, duration_id, study_subject_id, group_id, lecturer_id, class_room_id, date) VALUES (667, 5, 5, 13, 10, 22, '2026-01-20');
INSERT INTO public.lesson (id, duration_id, study_subject_id, group_id, lecturer_id, class_room_id, date) VALUES (668, 2, 10, 13, 8, 35, '2026-01-20');
INSERT INTO public.lesson (id, duration_id, study_subject_id, group_id, lecturer_id, class_room_id, date) VALUES (669, 2, 4, 13, 3, 17, '2026-01-21');
INSERT INTO public.lesson (id, duration_id, study_subject_id, group_id, lecturer_id, class_room_id, date) VALUES (670, 5, 1, 13, 7, 38, '2026-01-21');
INSERT INTO public.lesson (id, duration_id, study_subject_id, group_id, lecturer_id, class_room_id, date) VALUES (671, 3, 8, 13, 7, 30, '2026-01-22');
INSERT INTO public.lesson (id, duration_id, study_subject_id, group_id, lecturer_id, class_room_id, date) VALUES (672, 1, 10, 13, 8, 44, '2026-01-22');
INSERT INTO public.lesson (id, duration_id, study_subject_id, group_id, lecturer_id, class_room_id, date) VALUES (673, 3, 6, 13, 1, 25, '2026-01-23');
INSERT INTO public.lesson (id, duration_id, study_subject_id, group_id, lecturer_id, class_room_id, date) VALUES (674, 2, 4, 13, 3, 32, '2026-01-23');
INSERT INTO public.lesson (id, duration_id, study_subject_id, group_id, lecturer_id, class_room_id, date) VALUES (675, 1, 9, 13, 5, 1, '2026-01-23');
INSERT INTO public.lesson (id, duration_id, study_subject_id, group_id, lecturer_id, class_room_id, date) VALUES (676, 4, 2, 13, 6, 22, '2026-01-26');
INSERT INTO public.lesson (id, duration_id, study_subject_id, group_id, lecturer_id, class_room_id, date) VALUES (677, 6, 4, 13, 3, 6, '2026-01-26');
INSERT INTO public.lesson (id, duration_id, study_subject_id, group_id, lecturer_id, class_room_id, date) VALUES (678, 5, 7, 13, 10, 25, '2026-01-26');
INSERT INTO public.lesson (id, duration_id, study_subject_id, group_id, lecturer_id, class_room_id, date) VALUES (679, 3, 10, 13, 8, 5, '2026-01-26');
INSERT INTO public.lesson (id, duration_id, study_subject_id, group_id, lecturer_id, class_room_id, date) VALUES (680, 4, 7, 13, 10, 18, '2026-01-27');
INSERT INTO public.lesson (id, duration_id, study_subject_id, group_id, lecturer_id, class_room_id, date) VALUES (681, 5, 3, 13, 1, 29, '2026-01-27');
INSERT INTO public.lesson (id, duration_id, study_subject_id, group_id, lecturer_id, class_room_id, date) VALUES (682, 2, 1, 13, 7, 42, '2026-01-27');
INSERT INTO public.lesson (id, duration_id, study_subject_id, group_id, lecturer_id, class_room_id, date) VALUES (683, 4, 10, 13, 8, 41, '2026-01-28');
INSERT INTO public.lesson (id, duration_id, study_subject_id, group_id, lecturer_id, class_room_id, date) VALUES (684, 5, 4, 13, 3, 35, '2026-01-28');
INSERT INTO public.lesson (id, duration_id, study_subject_id, group_id, lecturer_id, class_room_id, date) VALUES (685, 2, 3, 13, 10, 21, '2026-01-28');
INSERT INTO public.lesson (id, duration_id, study_subject_id, group_id, lecturer_id, class_room_id, date) VALUES (686, 5, 7, 13, 10, 40, '2026-01-29');
INSERT INTO public.lesson (id, duration_id, study_subject_id, group_id, lecturer_id, class_room_id, date) VALUES (687, 6, 5, 13, 6, 20, '2026-01-29');
INSERT INTO public.lesson (id, duration_id, study_subject_id, group_id, lecturer_id, class_room_id, date) VALUES (688, 2, 1, 13, 7, 33, '2026-01-29');
INSERT INTO public.lesson (id, duration_id, study_subject_id, group_id, lecturer_id, class_room_id, date) VALUES (689, 2, 9, 13, 5, 48, '2026-01-30');
INSERT INTO public.lesson (id, duration_id, study_subject_id, group_id, lecturer_id, class_room_id, date) VALUES (690, 1, 6, 13, 7, 21, '2026-01-30');
INSERT INTO public.lesson (id, duration_id, study_subject_id, group_id, lecturer_id, class_room_id, date) VALUES (691, 1, 5, 13, 10, 31, '2026-02-02');
INSERT INTO public.lesson (id, duration_id, study_subject_id, group_id, lecturer_id, class_room_id, date) VALUES (692, 5, 10, 13, 8, 25, '2026-02-02');
INSERT INTO public.lesson (id, duration_id, study_subject_id, group_id, lecturer_id, class_room_id, date) VALUES (693, 3, 4, 13, 3, 4, '2026-02-02');
INSERT INTO public.lesson (id, duration_id, study_subject_id, group_id, lecturer_id, class_room_id, date) VALUES (694, 4, 1, 13, 7, 39, '2026-02-02');
INSERT INTO public.lesson (id, duration_id, study_subject_id, group_id, lecturer_id, class_room_id, date) VALUES (695, 5, 1, 13, 7, 43, '2026-02-03');
INSERT INTO public.lesson (id, duration_id, study_subject_id, group_id, lecturer_id, class_room_id, date) VALUES (696, 1, 5, 13, 10, 14, '2026-02-03');
INSERT INTO public.lesson (id, duration_id, study_subject_id, group_id, lecturer_id, class_room_id, date) VALUES (697, 3, 10, 13, 8, 32, '2026-02-04');
INSERT INTO public.lesson (id, duration_id, study_subject_id, group_id, lecturer_id, class_room_id, date) VALUES (698, 5, 7, 13, 10, 38, '2026-02-04');
INSERT INTO public.lesson (id, duration_id, study_subject_id, group_id, lecturer_id, class_room_id, date) VALUES (699, 2, 7, 13, 10, 17, '2026-02-05');
INSERT INTO public.lesson (id, duration_id, study_subject_id, group_id, lecturer_id, class_room_id, date) VALUES (700, 4, 10, 13, 8, 6, '2026-02-05');
INSERT INTO public.lesson (id, duration_id, study_subject_id, group_id, lecturer_id, class_room_id, date) VALUES (701, 1, 1, 13, 7, 4, '2026-02-05');
INSERT INTO public.lesson (id, duration_id, study_subject_id, group_id, lecturer_id, class_room_id, date) VALUES (702, 6, 6, 13, 7, 25, '2026-02-06');
INSERT INTO public.lesson (id, duration_id, study_subject_id, group_id, lecturer_id, class_room_id, date) VALUES (703, 5, 7, 13, 10, 24, '2026-02-06');
INSERT INTO public.lesson (id, duration_id, study_subject_id, group_id, lecturer_id, class_room_id, date) VALUES (704, 4, 5, 13, 6, 50, '2026-02-06');
INSERT INTO public.lesson (id, duration_id, study_subject_id, group_id, lecturer_id, class_room_id, date) VALUES (705, 1, 1, 13, 7, 48, '2026-02-09');
INSERT INTO public.lesson (id, duration_id, study_subject_id, group_id, lecturer_id, class_room_id, date) VALUES (706, 3, 5, 13, 6, 47, '2026-02-09');
INSERT INTO public.lesson (id, duration_id, study_subject_id, group_id, lecturer_id, class_room_id, date) VALUES (707, 1, 9, 13, 3, 11, '2026-02-10');
INSERT INTO public.lesson (id, duration_id, study_subject_id, group_id, lecturer_id, class_room_id, date) VALUES (708, 5, 2, 13, 6, 12, '2026-02-10');
INSERT INTO public.lesson (id, duration_id, study_subject_id, group_id, lecturer_id, class_room_id, date) VALUES (709, 3, 6, 13, 1, 30, '2026-02-10');
INSERT INTO public.lesson (id, duration_id, study_subject_id, group_id, lecturer_id, class_room_id, date) VALUES (710, 5, 2, 13, 8, 4, '2026-02-11');
INSERT INTO public.lesson (id, duration_id, study_subject_id, group_id, lecturer_id, class_room_id, date) VALUES (711, 6, 8, 13, 7, 40, '2026-02-11');
INSERT INTO public.lesson (id, duration_id, study_subject_id, group_id, lecturer_id, class_room_id, date) VALUES (712, 2, 2, 13, 8, 49, '2026-02-12');
INSERT INTO public.lesson (id, duration_id, study_subject_id, group_id, lecturer_id, class_room_id, date) VALUES (713, 1, 9, 13, 3, 35, '2026-02-12');
INSERT INTO public.lesson (id, duration_id, study_subject_id, group_id, lecturer_id, class_room_id, date) VALUES (714, 3, 8, 13, 7, 34, '2026-02-12');
INSERT INTO public.lesson (id, duration_id, study_subject_id, group_id, lecturer_id, class_room_id, date) VALUES (715, 3, 1, 13, 7, 16, '2026-02-13');
INSERT INTO public.lesson (id, duration_id, study_subject_id, group_id, lecturer_id, class_room_id, date) VALUES (716, 4, 9, 13, 5, 30, '2026-02-13');
INSERT INTO public.lesson (id, duration_id, study_subject_id, group_id, lecturer_id, class_room_id, date) VALUES (717, 1, 7, 13, 10, 3, '2026-02-13');
INSERT INTO public.lesson (id, duration_id, study_subject_id, group_id, lecturer_id, class_room_id, date) VALUES (718, 1, 7, 13, 10, 38, '2026-02-16');
INSERT INTO public.lesson (id, duration_id, study_subject_id, group_id, lecturer_id, class_room_id, date) VALUES (719, 3, 1, 13, 7, 17, '2026-02-16');
INSERT INTO public.lesson (id, duration_id, study_subject_id, group_id, lecturer_id, class_room_id, date) VALUES (720, 3, 9, 14, 5, 46, '2026-01-20');
INSERT INTO public.lesson (id, duration_id, study_subject_id, group_id, lecturer_id, class_room_id, date) VALUES (721, 6, 3, 14, 10, 37, '2026-01-20');
INSERT INTO public.lesson (id, duration_id, study_subject_id, group_id, lecturer_id, class_room_id, date) VALUES (722, 3, 3, 14, 5, 42, '2026-01-21');
INSERT INTO public.lesson (id, duration_id, study_subject_id, group_id, lecturer_id, class_room_id, date) VALUES (723, 6, 6, 14, 7, 33, '2026-01-21');
INSERT INTO public.lesson (id, duration_id, study_subject_id, group_id, lecturer_id, class_room_id, date) VALUES (724, 2, 4, 14, 3, 38, '2026-01-21');
INSERT INTO public.lesson (id, duration_id, study_subject_id, group_id, lecturer_id, class_room_id, date) VALUES (725, 1, 5, 14, 10, 3, '2026-01-22');
INSERT INTO public.lesson (id, duration_id, study_subject_id, group_id, lecturer_id, class_room_id, date) VALUES (726, 6, 8, 14, 5, 25, '2026-01-22');
INSERT INTO public.lesson (id, duration_id, study_subject_id, group_id, lecturer_id, class_room_id, date) VALUES (727, 3, 10, 14, 8, 6, '2026-01-22');
INSERT INTO public.lesson (id, duration_id, study_subject_id, group_id, lecturer_id, class_room_id, date) VALUES (728, 4, 10, 14, 8, 19, '2026-01-23');
INSERT INTO public.lesson (id, duration_id, study_subject_id, group_id, lecturer_id, class_room_id, date) VALUES (729, 3, 5, 14, 6, 22, '2026-01-23');
INSERT INTO public.lesson (id, duration_id, study_subject_id, group_id, lecturer_id, class_room_id, date) VALUES (730, 6, 5, 14, 10, 37, '2026-01-23');
INSERT INTO public.lesson (id, duration_id, study_subject_id, group_id, lecturer_id, class_room_id, date) VALUES (731, 6, 6, 14, 7, 17, '2026-01-26');
INSERT INTO public.lesson (id, duration_id, study_subject_id, group_id, lecturer_id, class_room_id, date) VALUES (732, 1, 2, 14, 8, 19, '2026-01-27');
INSERT INTO public.lesson (id, duration_id, study_subject_id, group_id, lecturer_id, class_room_id, date) VALUES (733, 3, 6, 14, 7, 5, '2026-01-27');
INSERT INTO public.lesson (id, duration_id, study_subject_id, group_id, lecturer_id, class_room_id, date) VALUES (734, 4, 5, 14, 6, 18, '2026-01-27');
INSERT INTO public.lesson (id, duration_id, study_subject_id, group_id, lecturer_id, class_room_id, date) VALUES (735, 4, 3, 14, 1, 49, '2026-01-28');
INSERT INTO public.lesson (id, duration_id, study_subject_id, group_id, lecturer_id, class_room_id, date) VALUES (736, 5, 5, 14, 6, 25, '2026-01-28');
INSERT INTO public.lesson (id, duration_id, study_subject_id, group_id, lecturer_id, class_room_id, date) VALUES (737, 1, 6, 14, 7, 15, '2026-01-28');
INSERT INTO public.lesson (id, duration_id, study_subject_id, group_id, lecturer_id, class_room_id, date) VALUES (738, 3, 4, 14, 3, 36, '2026-01-28');
INSERT INTO public.lesson (id, duration_id, study_subject_id, group_id, lecturer_id, class_room_id, date) VALUES (739, 1, 4, 14, 3, 23, '2026-01-29');
INSERT INTO public.lesson (id, duration_id, study_subject_id, group_id, lecturer_id, class_room_id, date) VALUES (740, 6, 6, 14, 7, 2, '2026-01-29');
INSERT INTO public.lesson (id, duration_id, study_subject_id, group_id, lecturer_id, class_room_id, date) VALUES (741, 6, 2, 14, 8, 11, '2026-01-30');
INSERT INTO public.lesson (id, duration_id, study_subject_id, group_id, lecturer_id, class_room_id, date) VALUES (742, 3, 7, 14, 10, 24, '2026-01-30');
INSERT INTO public.lesson (id, duration_id, study_subject_id, group_id, lecturer_id, class_room_id, date) VALUES (743, 2, 1, 14, 7, 10, '2026-01-30');
INSERT INTO public.lesson (id, duration_id, study_subject_id, group_id, lecturer_id, class_room_id, date) VALUES (744, 4, 2, 14, 8, 20, '2026-02-02');
INSERT INTO public.lesson (id, duration_id, study_subject_id, group_id, lecturer_id, class_room_id, date) VALUES (745, 1, 1, 14, 7, 2, '2026-02-02');
INSERT INTO public.lesson (id, duration_id, study_subject_id, group_id, lecturer_id, class_room_id, date) VALUES (746, 2, 6, 14, 7, 7, '2026-02-03');
INSERT INTO public.lesson (id, duration_id, study_subject_id, group_id, lecturer_id, class_room_id, date) VALUES (747, 1, 4, 14, 3, 11, '2026-02-03');
INSERT INTO public.lesson (id, duration_id, study_subject_id, group_id, lecturer_id, class_room_id, date) VALUES (748, 6, 6, 14, 1, 42, '2026-02-04');
INSERT INTO public.lesson (id, duration_id, study_subject_id, group_id, lecturer_id, class_room_id, date) VALUES (749, 4, 7, 14, 10, 48, '2026-02-04');
INSERT INTO public.lesson (id, duration_id, study_subject_id, group_id, lecturer_id, class_room_id, date) VALUES (750, 6, 1, 14, 7, 2, '2026-02-05');
INSERT INTO public.lesson (id, duration_id, study_subject_id, group_id, lecturer_id, class_room_id, date) VALUES (751, 5, 6, 14, 1, 14, '2026-02-05');
INSERT INTO public.lesson (id, duration_id, study_subject_id, group_id, lecturer_id, class_room_id, date) VALUES (752, 3, 9, 14, 5, 36, '2026-02-06');
INSERT INTO public.lesson (id, duration_id, study_subject_id, group_id, lecturer_id, class_room_id, date) VALUES (753, 4, 6, 14, 1, 24, '2026-02-06');
INSERT INTO public.lesson (id, duration_id, study_subject_id, group_id, lecturer_id, class_room_id, date) VALUES (754, 2, 9, 14, 3, 42, '2026-02-06');
INSERT INTO public.lesson (id, duration_id, study_subject_id, group_id, lecturer_id, class_room_id, date) VALUES (755, 6, 5, 14, 10, 9, '2026-02-09');
INSERT INTO public.lesson (id, duration_id, study_subject_id, group_id, lecturer_id, class_room_id, date) VALUES (756, 5, 6, 14, 1, 46, '2026-02-09');
INSERT INTO public.lesson (id, duration_id, study_subject_id, group_id, lecturer_id, class_room_id, date) VALUES (757, 4, 5, 14, 6, 24, '2026-02-10');
INSERT INTO public.lesson (id, duration_id, study_subject_id, group_id, lecturer_id, class_room_id, date) VALUES (758, 1, 9, 14, 5, 45, '2026-02-10');
INSERT INTO public.lesson (id, duration_id, study_subject_id, group_id, lecturer_id, class_room_id, date) VALUES (759, 5, 1, 14, 7, 13, '2026-02-10');
INSERT INTO public.lesson (id, duration_id, study_subject_id, group_id, lecturer_id, class_room_id, date) VALUES (760, 2, 10, 14, 8, 1, '2026-02-10');
INSERT INTO public.lesson (id, duration_id, study_subject_id, group_id, lecturer_id, class_room_id, date) VALUES (761, 1, 1, 14, 7, 16, '2026-02-11');
INSERT INTO public.lesson (id, duration_id, study_subject_id, group_id, lecturer_id, class_room_id, date) VALUES (762, 6, 7, 14, 10, 45, '2026-02-11');
INSERT INTO public.lesson (id, duration_id, study_subject_id, group_id, lecturer_id, class_room_id, date) VALUES (763, 3, 8, 14, 5, 15, '2026-02-11');
INSERT INTO public.lesson (id, duration_id, study_subject_id, group_id, lecturer_id, class_room_id, date) VALUES (764, 1, 8, 14, 5, 47, '2026-02-12');
INSERT INTO public.lesson (id, duration_id, study_subject_id, group_id, lecturer_id, class_room_id, date) VALUES (765, 6, 9, 14, 3, 11, '2026-02-12');
INSERT INTO public.lesson (id, duration_id, study_subject_id, group_id, lecturer_id, class_room_id, date) VALUES (766, 3, 7, 14, 10, 34, '2026-02-13');
INSERT INTO public.lesson (id, duration_id, study_subject_id, group_id, lecturer_id, class_room_id, date) VALUES (767, 2, 3, 14, 1, 18, '2026-02-13');
INSERT INTO public.lesson (id, duration_id, study_subject_id, group_id, lecturer_id, class_room_id, date) VALUES (768, 3, 8, 14, 5, 45, '2026-02-16');
INSERT INTO public.lesson (id, duration_id, study_subject_id, group_id, lecturer_id, class_room_id, date) VALUES (769, 2, 6, 14, 1, 41, '2026-02-16');
INSERT INTO public.lesson (id, duration_id, study_subject_id, group_id, lecturer_id, class_room_id, date) VALUES (770, 5, 4, 14, 3, 21, '2026-02-16');
INSERT INTO public.lesson (id, duration_id, study_subject_id, group_id, lecturer_id, class_room_id, date) VALUES (771, 6, 8, 15, 7, 2, '2026-01-20');
INSERT INTO public.lesson (id, duration_id, study_subject_id, group_id, lecturer_id, class_room_id, date) VALUES (772, 3, 7, 15, 10, 32, '2026-01-20');
INSERT INTO public.lesson (id, duration_id, study_subject_id, group_id, lecturer_id, class_room_id, date) VALUES (773, 4, 4, 15, 3, 7, '2026-01-20');
INSERT INTO public.lesson (id, duration_id, study_subject_id, group_id, lecturer_id, class_room_id, date) VALUES (774, 1, 9, 15, 5, 13, '2026-01-20');
INSERT INTO public.lesson (id, duration_id, study_subject_id, group_id, lecturer_id, class_room_id, date) VALUES (775, 1, 5, 15, 10, 47, '2026-01-21');
INSERT INTO public.lesson (id, duration_id, study_subject_id, group_id, lecturer_id, class_room_id, date) VALUES (776, 3, 10, 15, 8, 39, '2026-01-21');
INSERT INTO public.lesson (id, duration_id, study_subject_id, group_id, lecturer_id, class_room_id, date) VALUES (777, 6, 6, 15, 1, 35, '2026-01-21');
INSERT INTO public.lesson (id, duration_id, study_subject_id, group_id, lecturer_id, class_room_id, date) VALUES (778, 1, 2, 15, 8, 21, '2026-01-22');
INSERT INTO public.lesson (id, duration_id, study_subject_id, group_id, lecturer_id, class_room_id, date) VALUES (779, 2, 7, 15, 10, 13, '2026-01-22');
INSERT INTO public.lesson (id, duration_id, study_subject_id, group_id, lecturer_id, class_room_id, date) VALUES (780, 5, 7, 15, 10, 11, '2026-01-23');
INSERT INTO public.lesson (id, duration_id, study_subject_id, group_id, lecturer_id, class_room_id, date) VALUES (781, 2, 5, 15, 6, 7, '2026-01-23');
INSERT INTO public.lesson (id, duration_id, study_subject_id, group_id, lecturer_id, class_room_id, date) VALUES (782, 4, 1, 15, 7, 32, '2026-01-23');
INSERT INTO public.lesson (id, duration_id, study_subject_id, group_id, lecturer_id, class_room_id, date) VALUES (783, 5, 3, 15, 5, 1, '2026-01-26');
INSERT INTO public.lesson (id, duration_id, study_subject_id, group_id, lecturer_id, class_room_id, date) VALUES (784, 2, 10, 15, 8, 50, '2026-01-26');
INSERT INTO public.lesson (id, duration_id, study_subject_id, group_id, lecturer_id, class_room_id, date) VALUES (785, 6, 7, 15, 10, 42, '2026-01-26');
INSERT INTO public.lesson (id, duration_id, study_subject_id, group_id, lecturer_id, class_room_id, date) VALUES (786, 3, 8, 15, 5, 19, '2026-01-27');
INSERT INTO public.lesson (id, duration_id, study_subject_id, group_id, lecturer_id, class_room_id, date) VALUES (787, 4, 10, 15, 8, 34, '2026-01-27');
INSERT INTO public.lesson (id, duration_id, study_subject_id, group_id, lecturer_id, class_room_id, date) VALUES (788, 1, 1, 15, 7, 39, '2026-01-27');
INSERT INTO public.lesson (id, duration_id, study_subject_id, group_id, lecturer_id, class_room_id, date) VALUES (789, 5, 3, 15, 5, 4, '2026-01-28');
INSERT INTO public.lesson (id, duration_id, study_subject_id, group_id, lecturer_id, class_room_id, date) VALUES (790, 3, 6, 15, 1, 48, '2026-01-28');
INSERT INTO public.lesson (id, duration_id, study_subject_id, group_id, lecturer_id, class_room_id, date) VALUES (791, 6, 7, 15, 10, 5, '2026-01-28');
INSERT INTO public.lesson (id, duration_id, study_subject_id, group_id, lecturer_id, class_room_id, date) VALUES (792, 6, 5, 15, 10, 29, '2026-01-29');
INSERT INTO public.lesson (id, duration_id, study_subject_id, group_id, lecturer_id, class_room_id, date) VALUES (793, 1, 4, 15, 3, 47, '2026-01-29');
INSERT INTO public.lesson (id, duration_id, study_subject_id, group_id, lecturer_id, class_room_id, date) VALUES (794, 4, 3, 15, 5, 31, '2026-01-29');
INSERT INTO public.lesson (id, duration_id, study_subject_id, group_id, lecturer_id, class_room_id, date) VALUES (795, 6, 5, 15, 10, 11, '2026-01-30');
INSERT INTO public.lesson (id, duration_id, study_subject_id, group_id, lecturer_id, class_room_id, date) VALUES (796, 3, 6, 15, 7, 21, '2026-01-30');
INSERT INTO public.lesson (id, duration_id, study_subject_id, group_id, lecturer_id, class_room_id, date) VALUES (797, 6, 5, 15, 10, 24, '2026-02-02');
INSERT INTO public.lesson (id, duration_id, study_subject_id, group_id, lecturer_id, class_room_id, date) VALUES (798, 1, 3, 15, 5, 35, '2026-02-03');
INSERT INTO public.lesson (id, duration_id, study_subject_id, group_id, lecturer_id, class_room_id, date) VALUES (799, 3, 4, 15, 3, 24, '2026-02-03');
INSERT INTO public.lesson (id, duration_id, study_subject_id, group_id, lecturer_id, class_room_id, date) VALUES (800, 5, 5, 15, 10, 44, '2026-02-04');
INSERT INTO public.lesson (id, duration_id, study_subject_id, group_id, lecturer_id, class_room_id, date) VALUES (801, 3, 1, 15, 7, 36, '2026-02-04');
INSERT INTO public.lesson (id, duration_id, study_subject_id, group_id, lecturer_id, class_room_id, date) VALUES (802, 4, 3, 15, 5, 10, '2026-02-04');
INSERT INTO public.lesson (id, duration_id, study_subject_id, group_id, lecturer_id, class_room_id, date) VALUES (803, 3, 2, 15, 6, 20, '2026-02-05');
INSERT INTO public.lesson (id, duration_id, study_subject_id, group_id, lecturer_id, class_room_id, date) VALUES (804, 4, 4, 15, 3, 47, '2026-02-05');
INSERT INTO public.lesson (id, duration_id, study_subject_id, group_id, lecturer_id, class_room_id, date) VALUES (805, 1, 2, 15, 8, 23, '2026-02-05');
INSERT INTO public.lesson (id, duration_id, study_subject_id, group_id, lecturer_id, class_room_id, date) VALUES (806, 3, 8, 15, 7, 18, '2026-02-06');
INSERT INTO public.lesson (id, duration_id, study_subject_id, group_id, lecturer_id, class_room_id, date) VALUES (807, 4, 10, 15, 8, 45, '2026-02-06');
INSERT INTO public.lesson (id, duration_id, study_subject_id, group_id, lecturer_id, class_room_id, date) VALUES (808, 3, 6, 15, 1, 37, '2026-02-09');
INSERT INTO public.lesson (id, duration_id, study_subject_id, group_id, lecturer_id, class_room_id, date) VALUES (809, 5, 1, 15, 7, 41, '2026-02-09');
INSERT INTO public.lesson (id, duration_id, study_subject_id, group_id, lecturer_id, class_room_id, date) VALUES (810, 2, 10, 15, 8, 44, '2026-02-09');
INSERT INTO public.lesson (id, duration_id, study_subject_id, group_id, lecturer_id, class_room_id, date) VALUES (811, 1, 4, 15, 3, 35, '2026-02-09');
INSERT INTO public.lesson (id, duration_id, study_subject_id, group_id, lecturer_id, class_room_id, date) VALUES (812, 1, 1, 15, 7, 19, '2026-02-10');
INSERT INTO public.lesson (id, duration_id, study_subject_id, group_id, lecturer_id, class_room_id, date) VALUES (813, 4, 10, 15, 8, 9, '2026-02-10');
INSERT INTO public.lesson (id, duration_id, study_subject_id, group_id, lecturer_id, class_room_id, date) VALUES (814, 3, 5, 15, 6, 44, '2026-02-10');
INSERT INTO public.lesson (id, duration_id, study_subject_id, group_id, lecturer_id, class_room_id, date) VALUES (815, 5, 1, 15, 7, 1, '2026-02-11');
INSERT INTO public.lesson (id, duration_id, study_subject_id, group_id, lecturer_id, class_room_id, date) VALUES (816, 3, 10, 15, 8, 40, '2026-02-11');
INSERT INTO public.lesson (id, duration_id, study_subject_id, group_id, lecturer_id, class_room_id, date) VALUES (817, 2, 1, 15, 7, 12, '2026-02-12');
INSERT INTO public.lesson (id, duration_id, study_subject_id, group_id, lecturer_id, class_room_id, date) VALUES (818, 3, 7, 15, 10, 22, '2026-02-12');
INSERT INTO public.lesson (id, duration_id, study_subject_id, group_id, lecturer_id, class_room_id, date) VALUES (819, 1, 4, 15, 3, 27, '2026-02-13');
INSERT INTO public.lesson (id, duration_id, study_subject_id, group_id, lecturer_id, class_room_id, date) VALUES (820, 6, 7, 15, 10, 35, '2026-02-13');
INSERT INTO public.lesson (id, duration_id, study_subject_id, group_id, lecturer_id, class_room_id, date) VALUES (821, 4, 8, 15, 7, 32, '2026-02-16');
INSERT INTO public.lesson (id, duration_id, study_subject_id, group_id, lecturer_id, class_room_id, date) VALUES (822, 1, 7, 15, 10, 48, '2026-02-16');
INSERT INTO public.lesson (id, duration_id, study_subject_id, group_id, lecturer_id, class_room_id, date) VALUES (823, 3, 10, 15, 8, 22, '2026-02-16');
INSERT INTO public.lesson (id, duration_id, study_subject_id, group_id, lecturer_id, class_room_id, date) VALUES (824, 6, 3, 15, 5, 13, '2026-02-16');
INSERT INTO public.lesson (id, duration_id, study_subject_id, group_id, lecturer_id, class_room_id, date) VALUES (825, 3, 6, 16, 7, 31, '2026-01-20');
INSERT INTO public.lesson (id, duration_id, study_subject_id, group_id, lecturer_id, class_room_id, date) VALUES (826, 2, 8, 16, 5, 44, '2026-01-20');
INSERT INTO public.lesson (id, duration_id, study_subject_id, group_id, lecturer_id, class_room_id, date) VALUES (827, 4, 4, 16, 3, 50, '2026-01-20');
INSERT INTO public.lesson (id, duration_id, study_subject_id, group_id, lecturer_id, class_room_id, date) VALUES (828, 2, 3, 16, 5, 20, '2026-01-21');
INSERT INTO public.lesson (id, duration_id, study_subject_id, group_id, lecturer_id, class_room_id, date) VALUES (829, 3, 7, 16, 10, 8, '2026-01-21');
INSERT INTO public.lesson (id, duration_id, study_subject_id, group_id, lecturer_id, class_room_id, date) VALUES (830, 1, 9, 16, 5, 13, '2026-01-22');
INSERT INTO public.lesson (id, duration_id, study_subject_id, group_id, lecturer_id, class_room_id, date) VALUES (831, 3, 10, 16, 8, 40, '2026-01-22');
INSERT INTO public.lesson (id, duration_id, study_subject_id, group_id, lecturer_id, class_room_id, date) VALUES (832, 6, 2, 16, 6, 20, '2026-01-23');
INSERT INTO public.lesson (id, duration_id, study_subject_id, group_id, lecturer_id, class_room_id, date) VALUES (833, 4, 4, 16, 3, 3, '2026-01-23');
INSERT INTO public.lesson (id, duration_id, study_subject_id, group_id, lecturer_id, class_room_id, date) VALUES (834, 3, 3, 16, 5, 43, '2026-01-23');
INSERT INTO public.lesson (id, duration_id, study_subject_id, group_id, lecturer_id, class_room_id, date) VALUES (835, 5, 5, 16, 10, 48, '2026-01-23');
INSERT INTO public.lesson (id, duration_id, study_subject_id, group_id, lecturer_id, class_room_id, date) VALUES (836, 6, 7, 16, 10, 27, '2026-01-26');
INSERT INTO public.lesson (id, duration_id, study_subject_id, group_id, lecturer_id, class_room_id, date) VALUES (837, 2, 4, 16, 3, 18, '2026-01-26');
INSERT INTO public.lesson (id, duration_id, study_subject_id, group_id, lecturer_id, class_room_id, date) VALUES (838, 1, 3, 16, 1, 40, '2026-01-27');
INSERT INTO public.lesson (id, duration_id, study_subject_id, group_id, lecturer_id, class_room_id, date) VALUES (839, 3, 1, 16, 7, 33, '2026-01-27');
INSERT INTO public.lesson (id, duration_id, study_subject_id, group_id, lecturer_id, class_room_id, date) VALUES (840, 6, 5, 16, 10, 24, '2026-01-27');
INSERT INTO public.lesson (id, duration_id, study_subject_id, group_id, lecturer_id, class_room_id, date) VALUES (841, 3, 4, 16, 3, 37, '2026-01-28');
INSERT INTO public.lesson (id, duration_id, study_subject_id, group_id, lecturer_id, class_room_id, date) VALUES (842, 5, 8, 16, 7, 35, '2026-01-28');
INSERT INTO public.lesson (id, duration_id, study_subject_id, group_id, lecturer_id, class_room_id, date) VALUES (843, 1, 9, 16, 5, 9, '2026-01-28');
INSERT INTO public.lesson (id, duration_id, study_subject_id, group_id, lecturer_id, class_room_id, date) VALUES (844, 4, 7, 16, 10, 46, '2026-01-29');
INSERT INTO public.lesson (id, duration_id, study_subject_id, group_id, lecturer_id, class_room_id, date) VALUES (845, 2, 4, 16, 3, 9, '2026-01-29');
INSERT INTO public.lesson (id, duration_id, study_subject_id, group_id, lecturer_id, class_room_id, date) VALUES (846, 1, 9, 16, 5, 44, '2026-01-29');
INSERT INTO public.lesson (id, duration_id, study_subject_id, group_id, lecturer_id, class_room_id, date) VALUES (847, 3, 1, 16, 7, 8, '2026-01-29');
INSERT INTO public.lesson (id, duration_id, study_subject_id, group_id, lecturer_id, class_room_id, date) VALUES (848, 1, 1, 16, 7, 47, '2026-01-30');
INSERT INTO public.lesson (id, duration_id, study_subject_id, group_id, lecturer_id, class_room_id, date) VALUES (849, 4, 2, 16, 8, 22, '2026-01-30');
INSERT INTO public.lesson (id, duration_id, study_subject_id, group_id, lecturer_id, class_room_id, date) VALUES (850, 2, 8, 16, 5, 32, '2026-02-02');
INSERT INTO public.lesson (id, duration_id, study_subject_id, group_id, lecturer_id, class_room_id, date) VALUES (851, 4, 7, 16, 10, 46, '2026-02-02');
INSERT INTO public.lesson (id, duration_id, study_subject_id, group_id, lecturer_id, class_room_id, date) VALUES (852, 6, 1, 16, 7, 39, '2026-02-02');
INSERT INTO public.lesson (id, duration_id, study_subject_id, group_id, lecturer_id, class_room_id, date) VALUES (853, 2, 4, 16, 3, 41, '2026-02-03');
INSERT INTO public.lesson (id, duration_id, study_subject_id, group_id, lecturer_id, class_room_id, date) VALUES (854, 1, 6, 16, 1, 40, '2026-02-03');
INSERT INTO public.lesson (id, duration_id, study_subject_id, group_id, lecturer_id, class_room_id, date) VALUES (855, 2, 10, 16, 8, 35, '2026-02-04');
INSERT INTO public.lesson (id, duration_id, study_subject_id, group_id, lecturer_id, class_room_id, date) VALUES (856, 5, 1, 16, 7, 47, '2026-02-04');
INSERT INTO public.lesson (id, duration_id, study_subject_id, group_id, lecturer_id, class_room_id, date) VALUES (857, 4, 5, 16, 6, 48, '2026-02-04');
INSERT INTO public.lesson (id, duration_id, study_subject_id, group_id, lecturer_id, class_room_id, date) VALUES (858, 6, 9, 16, 3, 37, '2026-02-05');
INSERT INTO public.lesson (id, duration_id, study_subject_id, group_id, lecturer_id, class_room_id, date) VALUES (859, 5, 3, 16, 5, 14, '2026-02-05');
INSERT INTO public.lesson (id, duration_id, study_subject_id, group_id, lecturer_id, class_room_id, date) VALUES (860, 4, 1, 16, 7, 36, '2026-02-06');
INSERT INTO public.lesson (id, duration_id, study_subject_id, group_id, lecturer_id, class_room_id, date) VALUES (861, 6, 2, 16, 6, 43, '2026-02-06');
INSERT INTO public.lesson (id, duration_id, study_subject_id, group_id, lecturer_id, class_room_id, date) VALUES (862, 3, 3, 16, 10, 3, '2026-02-06');
INSERT INTO public.lesson (id, duration_id, study_subject_id, group_id, lecturer_id, class_room_id, date) VALUES (863, 6, 1, 16, 7, 9, '2026-02-09');
INSERT INTO public.lesson (id, duration_id, study_subject_id, group_id, lecturer_id, class_room_id, date) VALUES (864, 4, 3, 16, 1, 30, '2026-02-09');
INSERT INTO public.lesson (id, duration_id, study_subject_id, group_id, lecturer_id, class_room_id, date) VALUES (865, 6, 4, 16, 3, 25, '2026-02-10');
INSERT INTO public.lesson (id, duration_id, study_subject_id, group_id, lecturer_id, class_room_id, date) VALUES (866, 5, 10, 16, 8, 5, '2026-02-10');
INSERT INTO public.lesson (id, duration_id, study_subject_id, group_id, lecturer_id, class_room_id, date) VALUES (867, 2, 7, 16, 10, 43, '2026-02-11');
INSERT INTO public.lesson (id, duration_id, study_subject_id, group_id, lecturer_id, class_room_id, date) VALUES (868, 4, 5, 16, 6, 46, '2026-02-11');
INSERT INTO public.lesson (id, duration_id, study_subject_id, group_id, lecturer_id, class_room_id, date) VALUES (869, 2, 4, 16, 3, 31, '2026-02-12');
INSERT INTO public.lesson (id, duration_id, study_subject_id, group_id, lecturer_id, class_room_id, date) VALUES (870, 3, 1, 16, 7, 35, '2026-02-12');
INSERT INTO public.lesson (id, duration_id, study_subject_id, group_id, lecturer_id, class_room_id, date) VALUES (871, 1, 10, 16, 8, 48, '2026-02-12');
INSERT INTO public.lesson (id, duration_id, study_subject_id, group_id, lecturer_id, class_room_id, date) VALUES (872, 5, 8, 16, 7, 28, '2026-02-13');
INSERT INTO public.lesson (id, duration_id, study_subject_id, group_id, lecturer_id, class_room_id, date) VALUES (873, 3, 5, 16, 10, 35, '2026-02-13');
INSERT INTO public.lesson (id, duration_id, study_subject_id, group_id, lecturer_id, class_room_id, date) VALUES (874, 4, 5, 16, 6, 4, '2026-02-13');
INSERT INTO public.lesson (id, duration_id, study_subject_id, group_id, lecturer_id, class_room_id, date) VALUES (875, 5, 5, 16, 6, 16, '2026-02-16');
INSERT INTO public.lesson (id, duration_id, study_subject_id, group_id, lecturer_id, class_room_id, date) VALUES (876, 3, 8, 16, 7, 35, '2026-02-16');
INSERT INTO public.lesson (id, duration_id, study_subject_id, group_id, lecturer_id, class_room_id, date) VALUES (877, 2, 5, 16, 10, 24, '2026-02-16');
INSERT INTO public.lesson (id, duration_id, study_subject_id, group_id, lecturer_id, class_room_id, date) VALUES (878, 4, 8, 17, 5, 8, '2026-01-20');
INSERT INTO public.lesson (id, duration_id, study_subject_id, group_id, lecturer_id, class_room_id, date) VALUES (879, 5, 6, 17, 7, 32, '2026-01-20');
INSERT INTO public.lesson (id, duration_id, study_subject_id, group_id, lecturer_id, class_room_id, date) VALUES (880, 6, 10, 17, 8, 34, '2026-01-20');
INSERT INTO public.lesson (id, duration_id, study_subject_id, group_id, lecturer_id, class_room_id, date) VALUES (881, 3, 9, 17, 3, 1, '2026-01-20');
INSERT INTO public.lesson (id, duration_id, study_subject_id, group_id, lecturer_id, class_room_id, date) VALUES (882, 3, 8, 17, 7, 43, '2026-01-21');
INSERT INTO public.lesson (id, duration_id, study_subject_id, group_id, lecturer_id, class_room_id, date) VALUES (883, 1, 9, 17, 3, 1, '2026-01-21');
INSERT INTO public.lesson (id, duration_id, study_subject_id, group_id, lecturer_id, class_room_id, date) VALUES (884, 2, 6, 17, 1, 41, '2026-01-21');
INSERT INTO public.lesson (id, duration_id, study_subject_id, group_id, lecturer_id, class_room_id, date) VALUES (885, 1, 7, 17, 10, 45, '2026-01-22');
INSERT INTO public.lesson (id, duration_id, study_subject_id, group_id, lecturer_id, class_room_id, date) VALUES (886, 3, 2, 17, 6, 47, '2026-01-22');
INSERT INTO public.lesson (id, duration_id, study_subject_id, group_id, lecturer_id, class_room_id, date) VALUES (887, 2, 7, 17, 10, 45, '2026-01-23');
INSERT INTO public.lesson (id, duration_id, study_subject_id, group_id, lecturer_id, class_room_id, date) VALUES (888, 6, 9, 17, 3, 49, '2026-01-23');
INSERT INTO public.lesson (id, duration_id, study_subject_id, group_id, lecturer_id, class_room_id, date) VALUES (889, 4, 3, 17, 5, 50, '2026-01-23');
INSERT INTO public.lesson (id, duration_id, study_subject_id, group_id, lecturer_id, class_room_id, date) VALUES (890, 3, 9, 17, 3, 47, '2026-01-26');
INSERT INTO public.lesson (id, duration_id, study_subject_id, group_id, lecturer_id, class_room_id, date) VALUES (891, 1, 9, 17, 5, 26, '2026-01-26');
INSERT INTO public.lesson (id, duration_id, study_subject_id, group_id, lecturer_id, class_room_id, date) VALUES (892, 2, 6, 17, 1, 28, '2026-01-26');
INSERT INTO public.lesson (id, duration_id, study_subject_id, group_id, lecturer_id, class_room_id, date) VALUES (893, 4, 8, 17, 7, 34, '2026-01-26');
INSERT INTO public.lesson (id, duration_id, study_subject_id, group_id, lecturer_id, class_room_id, date) VALUES (894, 1, 9, 17, 3, 9, '2026-01-27');
INSERT INTO public.lesson (id, duration_id, study_subject_id, group_id, lecturer_id, class_room_id, date) VALUES (895, 2, 1, 17, 7, 17, '2026-01-27');
INSERT INTO public.lesson (id, duration_id, study_subject_id, group_id, lecturer_id, class_room_id, date) VALUES (896, 5, 8, 17, 5, 27, '2026-01-27');
INSERT INTO public.lesson (id, duration_id, study_subject_id, group_id, lecturer_id, class_room_id, date) VALUES (897, 4, 3, 17, 10, 15, '2026-01-28');
INSERT INTO public.lesson (id, duration_id, study_subject_id, group_id, lecturer_id, class_room_id, date) VALUES (898, 1, 9, 17, 5, 17, '2026-01-28');
INSERT INTO public.lesson (id, duration_id, study_subject_id, group_id, lecturer_id, class_room_id, date) VALUES (899, 5, 5, 17, 6, 30, '2026-01-28');
INSERT INTO public.lesson (id, duration_id, study_subject_id, group_id, lecturer_id, class_room_id, date) VALUES (900, 3, 10, 17, 8, 45, '2026-01-29');
INSERT INTO public.lesson (id, duration_id, study_subject_id, group_id, lecturer_id, class_room_id, date) VALUES (901, 4, 2, 17, 6, 13, '2026-01-29');
INSERT INTO public.lesson (id, duration_id, study_subject_id, group_id, lecturer_id, class_room_id, date) VALUES (902, 2, 6, 17, 7, 28, '2026-01-29');
INSERT INTO public.lesson (id, duration_id, study_subject_id, group_id, lecturer_id, class_room_id, date) VALUES (903, 1, 9, 17, 5, 24, '2026-01-30');
INSERT INTO public.lesson (id, duration_id, study_subject_id, group_id, lecturer_id, class_room_id, date) VALUES (904, 6, 7, 17, 10, 38, '2026-01-30');
INSERT INTO public.lesson (id, duration_id, study_subject_id, group_id, lecturer_id, class_room_id, date) VALUES (905, 3, 3, 17, 10, 11, '2026-02-02');
INSERT INTO public.lesson (id, duration_id, study_subject_id, group_id, lecturer_id, class_room_id, date) VALUES (906, 2, 8, 17, 7, 27, '2026-02-02');
INSERT INTO public.lesson (id, duration_id, study_subject_id, group_id, lecturer_id, class_room_id, date) VALUES (907, 4, 6, 17, 1, 30, '2026-02-02');
INSERT INTO public.lesson (id, duration_id, study_subject_id, group_id, lecturer_id, class_room_id, date) VALUES (908, 1, 4, 17, 3, 50, '2026-02-03');
INSERT INTO public.lesson (id, duration_id, study_subject_id, group_id, lecturer_id, class_room_id, date) VALUES (909, 4, 10, 17, 8, 42, '2026-02-03');
INSERT INTO public.lesson (id, duration_id, study_subject_id, group_id, lecturer_id, class_room_id, date) VALUES (910, 4, 4, 17, 3, 26, '2026-02-04');
INSERT INTO public.lesson (id, duration_id, study_subject_id, group_id, lecturer_id, class_room_id, date) VALUES (911, 6, 7, 17, 10, 37, '2026-02-04');
INSERT INTO public.lesson (id, duration_id, study_subject_id, group_id, lecturer_id, class_room_id, date) VALUES (912, 3, 1, 17, 7, 48, '2026-02-04');
INSERT INTO public.lesson (id, duration_id, study_subject_id, group_id, lecturer_id, class_room_id, date) VALUES (913, 6, 4, 17, 3, 40, '2026-02-05');
INSERT INTO public.lesson (id, duration_id, study_subject_id, group_id, lecturer_id, class_room_id, date) VALUES (914, 4, 8, 17, 5, 49, '2026-02-05');
INSERT INTO public.lesson (id, duration_id, study_subject_id, group_id, lecturer_id, class_room_id, date) VALUES (915, 3, 1, 17, 7, 5, '2026-02-06');
INSERT INTO public.lesson (id, duration_id, study_subject_id, group_id, lecturer_id, class_room_id, date) VALUES (916, 6, 10, 17, 8, 19, '2026-02-06');
INSERT INTO public.lesson (id, duration_id, study_subject_id, group_id, lecturer_id, class_room_id, date) VALUES (917, 1, 9, 17, 3, 45, '2026-02-09');
INSERT INTO public.lesson (id, duration_id, study_subject_id, group_id, lecturer_id, class_room_id, date) VALUES (918, 4, 6, 17, 7, 47, '2026-02-09');
INSERT INTO public.lesson (id, duration_id, study_subject_id, group_id, lecturer_id, class_room_id, date) VALUES (919, 3, 10, 17, 8, 50, '2026-02-09');
INSERT INTO public.lesson (id, duration_id, study_subject_id, group_id, lecturer_id, class_room_id, date) VALUES (920, 4, 1, 17, 7, 45, '2026-02-10');
INSERT INTO public.lesson (id, duration_id, study_subject_id, group_id, lecturer_id, class_room_id, date) VALUES (921, 1, 5, 17, 6, 18, '2026-02-10');
INSERT INTO public.lesson (id, duration_id, study_subject_id, group_id, lecturer_id, class_room_id, date) VALUES (922, 6, 10, 17, 8, 3, '2026-02-10');
INSERT INTO public.lesson (id, duration_id, study_subject_id, group_id, lecturer_id, class_room_id, date) VALUES (923, 6, 3, 17, 5, 46, '2026-02-11');
INSERT INTO public.lesson (id, duration_id, study_subject_id, group_id, lecturer_id, class_room_id, date) VALUES (924, 5, 9, 17, 3, 30, '2026-02-11');
INSERT INTO public.lesson (id, duration_id, study_subject_id, group_id, lecturer_id, class_room_id, date) VALUES (925, 3, 7, 17, 10, 37, '2026-02-12');
INSERT INTO public.lesson (id, duration_id, study_subject_id, group_id, lecturer_id, class_room_id, date) VALUES (926, 2, 2, 17, 8, 7, '2026-02-12');
INSERT INTO public.lesson (id, duration_id, study_subject_id, group_id, lecturer_id, class_room_id, date) VALUES (927, 6, 1, 17, 7, 35, '2026-02-12');
INSERT INTO public.lesson (id, duration_id, study_subject_id, group_id, lecturer_id, class_room_id, date) VALUES (928, 6, 4, 17, 3, 17, '2026-02-13');
INSERT INTO public.lesson (id, duration_id, study_subject_id, group_id, lecturer_id, class_room_id, date) VALUES (929, 1, 8, 17, 5, 4, '2026-02-13');
INSERT INTO public.lesson (id, duration_id, study_subject_id, group_id, lecturer_id, class_room_id, date) VALUES (930, 3, 8, 17, 7, 46, '2026-02-13');
INSERT INTO public.lesson (id, duration_id, study_subject_id, group_id, lecturer_id, class_room_id, date) VALUES (931, 6, 6, 17, 1, 47, '2026-02-16');
INSERT INTO public.lesson (id, duration_id, study_subject_id, group_id, lecturer_id, class_room_id, date) VALUES (932, 4, 7, 17, 10, 15, '2026-02-16');
INSERT INTO public.lesson (id, duration_id, study_subject_id, group_id, lecturer_id, class_room_id, date) VALUES (933, 3, 2, 17, 6, 27, '2026-02-16');
INSERT INTO public.lesson (id, duration_id, study_subject_id, group_id, lecturer_id, class_room_id, date) VALUES (934, 2, 2, 17, 8, 46, '2026-02-16');
INSERT INTO public.lesson (id, duration_id, study_subject_id, group_id, lecturer_id, class_room_id, date) VALUES (935, 6, 10, 18, 8, 3, '2026-01-20');
INSERT INTO public.lesson (id, duration_id, study_subject_id, group_id, lecturer_id, class_room_id, date) VALUES (936, 2, 3, 18, 5, 1, '2026-01-20');
INSERT INTO public.lesson (id, duration_id, study_subject_id, group_id, lecturer_id, class_room_id, date) VALUES (937, 5, 7, 18, 10, 44, '2026-01-20');
INSERT INTO public.lesson (id, duration_id, study_subject_id, group_id, lecturer_id, class_room_id, date) VALUES (938, 4, 3, 18, 1, 42, '2026-01-20');
INSERT INTO public.lesson (id, duration_id, study_subject_id, group_id, lecturer_id, class_room_id, date) VALUES (939, 4, 5, 18, 6, 27, '2026-01-21');
INSERT INTO public.lesson (id, duration_id, study_subject_id, group_id, lecturer_id, class_room_id, date) VALUES (940, 6, 1, 18, 7, 14, '2026-01-21');
INSERT INTO public.lesson (id, duration_id, study_subject_id, group_id, lecturer_id, class_room_id, date) VALUES (941, 2, 4, 18, 3, 43, '2026-01-21');
INSERT INTO public.lesson (id, duration_id, study_subject_id, group_id, lecturer_id, class_room_id, date) VALUES (942, 5, 2, 18, 8, 4, '2026-01-21');
INSERT INTO public.lesson (id, duration_id, study_subject_id, group_id, lecturer_id, class_room_id, date) VALUES (943, 2, 6, 18, 7, 24, '2026-01-22');
INSERT INTO public.lesson (id, duration_id, study_subject_id, group_id, lecturer_id, class_room_id, date) VALUES (944, 5, 4, 18, 3, 21, '2026-01-22');
INSERT INTO public.lesson (id, duration_id, study_subject_id, group_id, lecturer_id, class_room_id, date) VALUES (945, 4, 6, 18, 7, 42, '2026-01-23');
INSERT INTO public.lesson (id, duration_id, study_subject_id, group_id, lecturer_id, class_room_id, date) VALUES (946, 6, 10, 18, 8, 36, '2026-01-23');
INSERT INTO public.lesson (id, duration_id, study_subject_id, group_id, lecturer_id, class_room_id, date) VALUES (947, 5, 4, 18, 3, 5, '2026-01-23');
INSERT INTO public.lesson (id, duration_id, study_subject_id, group_id, lecturer_id, class_room_id, date) VALUES (948, 2, 9, 18, 5, 43, '2026-01-23');
INSERT INTO public.lesson (id, duration_id, study_subject_id, group_id, lecturer_id, class_room_id, date) VALUES (949, 1, 8, 18, 7, 41, '2026-01-26');
INSERT INTO public.lesson (id, duration_id, study_subject_id, group_id, lecturer_id, class_room_id, date) VALUES (950, 4, 6, 18, 1, 48, '2026-01-26');
INSERT INTO public.lesson (id, duration_id, study_subject_id, group_id, lecturer_id, class_room_id, date) VALUES (951, 1, 5, 18, 6, 17, '2026-01-27');
INSERT INTO public.lesson (id, duration_id, study_subject_id, group_id, lecturer_id, class_room_id, date) VALUES (952, 5, 10, 18, 8, 41, '2026-01-27');
INSERT INTO public.lesson (id, duration_id, study_subject_id, group_id, lecturer_id, class_room_id, date) VALUES (953, 3, 6, 18, 7, 32, '2026-01-28');
INSERT INTO public.lesson (id, duration_id, study_subject_id, group_id, lecturer_id, class_room_id, date) VALUES (954, 5, 4, 18, 3, 24, '2026-01-28');
INSERT INTO public.lesson (id, duration_id, study_subject_id, group_id, lecturer_id, class_room_id, date) VALUES (955, 6, 2, 18, 8, 44, '2026-01-28');
INSERT INTO public.lesson (id, duration_id, study_subject_id, group_id, lecturer_id, class_room_id, date) VALUES (956, 2, 5, 18, 6, 1, '2026-01-29');
INSERT INTO public.lesson (id, duration_id, study_subject_id, group_id, lecturer_id, class_room_id, date) VALUES (957, 3, 5, 18, 10, 37, '2026-01-29');
INSERT INTO public.lesson (id, duration_id, study_subject_id, group_id, lecturer_id, class_room_id, date) VALUES (958, 4, 3, 18, 10, 1, '2026-01-30');
INSERT INTO public.lesson (id, duration_id, study_subject_id, group_id, lecturer_id, class_room_id, date) VALUES (959, 6, 8, 18, 5, 47, '2026-01-30');
INSERT INTO public.lesson (id, duration_id, study_subject_id, group_id, lecturer_id, class_room_id, date) VALUES (960, 3, 10, 18, 8, 34, '2026-01-30');
INSERT INTO public.lesson (id, duration_id, study_subject_id, group_id, lecturer_id, class_room_id, date) VALUES (961, 2, 9, 18, 5, 44, '2026-02-02');
INSERT INTO public.lesson (id, duration_id, study_subject_id, group_id, lecturer_id, class_room_id, date) VALUES (962, 1, 10, 18, 8, 14, '2026-02-02');
INSERT INTO public.lesson (id, duration_id, study_subject_id, group_id, lecturer_id, class_room_id, date) VALUES (963, 5, 1, 18, 7, 42, '2026-02-02');
INSERT INTO public.lesson (id, duration_id, study_subject_id, group_id, lecturer_id, class_room_id, date) VALUES (964, 6, 8, 18, 7, 1, '2026-02-03');
INSERT INTO public.lesson (id, duration_id, study_subject_id, group_id, lecturer_id, class_room_id, date) VALUES (965, 4, 7, 18, 10, 46, '2026-02-03');
INSERT INTO public.lesson (id, duration_id, study_subject_id, group_id, lecturer_id, class_room_id, date) VALUES (966, 5, 10, 18, 8, 32, '2026-02-03');
INSERT INTO public.lesson (id, duration_id, study_subject_id, group_id, lecturer_id, class_room_id, date) VALUES (967, 6, 9, 18, 3, 49, '2026-02-04');
INSERT INTO public.lesson (id, duration_id, study_subject_id, group_id, lecturer_id, class_room_id, date) VALUES (968, 2, 10, 18, 8, 22, '2026-02-04');
INSERT INTO public.lesson (id, duration_id, study_subject_id, group_id, lecturer_id, class_room_id, date) VALUES (969, 3, 1, 18, 7, 27, '2026-02-04');
INSERT INTO public.lesson (id, duration_id, study_subject_id, group_id, lecturer_id, class_room_id, date) VALUES (970, 3, 8, 18, 5, 3, '2026-02-05');
INSERT INTO public.lesson (id, duration_id, study_subject_id, group_id, lecturer_id, class_room_id, date) VALUES (971, 1, 5, 18, 6, 34, '2026-02-05');
INSERT INTO public.lesson (id, duration_id, study_subject_id, group_id, lecturer_id, class_room_id, date) VALUES (972, 2, 9, 18, 3, 15, '2026-02-05');
INSERT INTO public.lesson (id, duration_id, study_subject_id, group_id, lecturer_id, class_room_id, date) VALUES (973, 4, 8, 18, 7, 35, '2026-02-06');
INSERT INTO public.lesson (id, duration_id, study_subject_id, group_id, lecturer_id, class_room_id, date) VALUES (974, 6, 5, 18, 6, 10, '2026-02-06');
INSERT INTO public.lesson (id, duration_id, study_subject_id, group_id, lecturer_id, class_room_id, date) VALUES (975, 3, 1, 18, 7, 7, '2026-02-09');
INSERT INTO public.lesson (id, duration_id, study_subject_id, group_id, lecturer_id, class_room_id, date) VALUES (976, 2, 4, 18, 3, 47, '2026-02-09');
INSERT INTO public.lesson (id, duration_id, study_subject_id, group_id, lecturer_id, class_room_id, date) VALUES (977, 2, 4, 18, 3, 2, '2026-02-10');
INSERT INTO public.lesson (id, duration_id, study_subject_id, group_id, lecturer_id, class_room_id, date) VALUES (978, 5, 5, 18, 10, 4, '2026-02-10');
INSERT INTO public.lesson (id, duration_id, study_subject_id, group_id, lecturer_id, class_room_id, date) VALUES (979, 1, 10, 18, 8, 48, '2026-02-10');
INSERT INTO public.lesson (id, duration_id, study_subject_id, group_id, lecturer_id, class_room_id, date) VALUES (980, 2, 6, 18, 7, 4, '2026-02-11');
INSERT INTO public.lesson (id, duration_id, study_subject_id, group_id, lecturer_id, class_room_id, date) VALUES (981, 4, 4, 18, 3, 29, '2026-02-11');
INSERT INTO public.lesson (id, duration_id, study_subject_id, group_id, lecturer_id, class_room_id, date) VALUES (982, 5, 7, 18, 10, 35, '2026-02-11');
INSERT INTO public.lesson (id, duration_id, study_subject_id, group_id, lecturer_id, class_room_id, date) VALUES (983, 5, 10, 18, 8, 50, '2026-02-12');
INSERT INTO public.lesson (id, duration_id, study_subject_id, group_id, lecturer_id, class_room_id, date) VALUES (984, 2, 2, 18, 6, 19, '2026-02-12');
INSERT INTO public.lesson (id, duration_id, study_subject_id, group_id, lecturer_id, class_room_id, date) VALUES (985, 2, 6, 18, 7, 14, '2026-02-13');
INSERT INTO public.lesson (id, duration_id, study_subject_id, group_id, lecturer_id, class_room_id, date) VALUES (986, 4, 3, 18, 1, 8, '2026-02-13');
INSERT INTO public.lesson (id, duration_id, study_subject_id, group_id, lecturer_id, class_room_id, date) VALUES (987, 6, 8, 18, 5, 16, '2026-02-13');
INSERT INTO public.lesson (id, duration_id, study_subject_id, group_id, lecturer_id, class_room_id, date) VALUES (988, 4, 10, 18, 8, 16, '2026-02-16');
INSERT INTO public.lesson (id, duration_id, study_subject_id, group_id, lecturer_id, class_room_id, date) VALUES (989, 3, 4, 18, 3, 27, '2026-02-16');
INSERT INTO public.lesson (id, duration_id, study_subject_id, group_id, lecturer_id, class_room_id, date) VALUES (990, 5, 5, 18, 6, 15, '2026-02-16');
INSERT INTO public.lesson (id, duration_id, study_subject_id, group_id, lecturer_id, class_room_id, date) VALUES (991, 5, 5, 19, 6, 6, '2026-01-20');
INSERT INTO public.lesson (id, duration_id, study_subject_id, group_id, lecturer_id, class_room_id, date) VALUES (992, 6, 6, 19, 7, 3, '2026-01-20');
INSERT INTO public.lesson (id, duration_id, study_subject_id, group_id, lecturer_id, class_room_id, date) VALUES (993, 2, 9, 19, 5, 25, '2026-01-21');
INSERT INTO public.lesson (id, duration_id, study_subject_id, group_id, lecturer_id, class_room_id, date) VALUES (994, 3, 1, 19, 7, 43, '2026-01-21');
INSERT INTO public.lesson (id, duration_id, study_subject_id, group_id, lecturer_id, class_room_id, date) VALUES (995, 1, 2, 19, 8, 28, '2026-01-21');
INSERT INTO public.lesson (id, duration_id, study_subject_id, group_id, lecturer_id, class_room_id, date) VALUES (996, 5, 2, 19, 6, 29, '2026-01-22');
INSERT INTO public.lesson (id, duration_id, study_subject_id, group_id, lecturer_id, class_room_id, date) VALUES (997, 1, 5, 19, 10, 16, '2026-01-22');
INSERT INTO public.lesson (id, duration_id, study_subject_id, group_id, lecturer_id, class_room_id, date) VALUES (998, 6, 2, 19, 8, 46, '2026-01-23');
INSERT INTO public.lesson (id, duration_id, study_subject_id, group_id, lecturer_id, class_room_id, date) VALUES (999, 1, 3, 19, 1, 22, '2026-01-23');
INSERT INTO public.lesson (id, duration_id, study_subject_id, group_id, lecturer_id, class_room_id, date) VALUES (1000, 2, 4, 19, 3, 23, '2026-01-23');
INSERT INTO public.lesson (id, duration_id, study_subject_id, group_id, lecturer_id, class_room_id, date) VALUES (1001, 3, 4, 19, 3, 10, '2026-01-26');
INSERT INTO public.lesson (id, duration_id, study_subject_id, group_id, lecturer_id, class_room_id, date) VALUES (1002, 2, 8, 19, 7, 35, '2026-01-26');
INSERT INTO public.lesson (id, duration_id, study_subject_id, group_id, lecturer_id, class_room_id, date) VALUES (1003, 1, 8, 19, 5, 20, '2026-01-27');
INSERT INTO public.lesson (id, duration_id, study_subject_id, group_id, lecturer_id, class_room_id, date) VALUES (1004, 2, 6, 19, 7, 48, '2026-01-27');
INSERT INTO public.lesson (id, duration_id, study_subject_id, group_id, lecturer_id, class_room_id, date) VALUES (1005, 2, 8, 19, 5, 33, '2026-01-28');
INSERT INTO public.lesson (id, duration_id, study_subject_id, group_id, lecturer_id, class_room_id, date) VALUES (1006, 6, 3, 19, 10, 37, '2026-01-28');
INSERT INTO public.lesson (id, duration_id, study_subject_id, group_id, lecturer_id, class_room_id, date) VALUES (1007, 1, 7, 19, 10, 25, '2026-01-29');
INSERT INTO public.lesson (id, duration_id, study_subject_id, group_id, lecturer_id, class_room_id, date) VALUES (1008, 4, 1, 19, 7, 7, '2026-01-29');
INSERT INTO public.lesson (id, duration_id, study_subject_id, group_id, lecturer_id, class_room_id, date) VALUES (1009, 1, 4, 19, 3, 20, '2026-01-30');
INSERT INTO public.lesson (id, duration_id, study_subject_id, group_id, lecturer_id, class_room_id, date) VALUES (1010, 5, 6, 19, 7, 22, '2026-01-30');
INSERT INTO public.lesson (id, duration_id, study_subject_id, group_id, lecturer_id, class_room_id, date) VALUES (1011, 2, 8, 19, 5, 40, '2026-01-30');
INSERT INTO public.lesson (id, duration_id, study_subject_id, group_id, lecturer_id, class_room_id, date) VALUES (1012, 4, 5, 19, 6, 42, '2026-02-02');
INSERT INTO public.lesson (id, duration_id, study_subject_id, group_id, lecturer_id, class_room_id, date) VALUES (1013, 6, 6, 19, 7, 1, '2026-02-02');
INSERT INTO public.lesson (id, duration_id, study_subject_id, group_id, lecturer_id, class_room_id, date) VALUES (1014, 2, 6, 19, 1, 34, '2026-02-02');
INSERT INTO public.lesson (id, duration_id, study_subject_id, group_id, lecturer_id, class_room_id, date) VALUES (1015, 4, 2, 19, 8, 1, '2026-02-03');
INSERT INTO public.lesson (id, duration_id, study_subject_id, group_id, lecturer_id, class_room_id, date) VALUES (1016, 1, 6, 19, 7, 13, '2026-02-03');
INSERT INTO public.lesson (id, duration_id, study_subject_id, group_id, lecturer_id, class_room_id, date) VALUES (1017, 6, 5, 19, 6, 19, '2026-02-03');
INSERT INTO public.lesson (id, duration_id, study_subject_id, group_id, lecturer_id, class_room_id, date) VALUES (1018, 2, 10, 19, 8, 33, '2026-02-04');
INSERT INTO public.lesson (id, duration_id, study_subject_id, group_id, lecturer_id, class_room_id, date) VALUES (1019, 3, 5, 19, 6, 11, '2026-02-04');
INSERT INTO public.lesson (id, duration_id, study_subject_id, group_id, lecturer_id, class_room_id, date) VALUES (1020, 5, 8, 19, 7, 9, '2026-02-04');
INSERT INTO public.lesson (id, duration_id, study_subject_id, group_id, lecturer_id, class_room_id, date) VALUES (1021, 4, 8, 19, 7, 7, '2026-02-05');
INSERT INTO public.lesson (id, duration_id, study_subject_id, group_id, lecturer_id, class_room_id, date) VALUES (1022, 6, 8, 19, 5, 4, '2026-02-05');
INSERT INTO public.lesson (id, duration_id, study_subject_id, group_id, lecturer_id, class_room_id, date) VALUES (1023, 2, 2, 19, 8, 47, '2026-02-05');
INSERT INTO public.lesson (id, duration_id, study_subject_id, group_id, lecturer_id, class_room_id, date) VALUES (1024, 1, 2, 19, 6, 11, '2026-02-05');
INSERT INTO public.lesson (id, duration_id, study_subject_id, group_id, lecturer_id, class_room_id, date) VALUES (1025, 4, 3, 19, 10, 38, '2026-02-06');
INSERT INTO public.lesson (id, duration_id, study_subject_id, group_id, lecturer_id, class_room_id, date) VALUES (1026, 2, 1, 19, 7, 37, '2026-02-06');
INSERT INTO public.lesson (id, duration_id, study_subject_id, group_id, lecturer_id, class_room_id, date) VALUES (1027, 6, 5, 19, 6, 48, '2026-02-06');
INSERT INTO public.lesson (id, duration_id, study_subject_id, group_id, lecturer_id, class_room_id, date) VALUES (1028, 2, 10, 19, 8, 30, '2026-02-09');
INSERT INTO public.lesson (id, duration_id, study_subject_id, group_id, lecturer_id, class_room_id, date) VALUES (1029, 6, 4, 19, 3, 24, '2026-02-09');
INSERT INTO public.lesson (id, duration_id, study_subject_id, group_id, lecturer_id, class_room_id, date) VALUES (1030, 1, 2, 19, 6, 13, '2026-02-09');
INSERT INTO public.lesson (id, duration_id, study_subject_id, group_id, lecturer_id, class_room_id, date) VALUES (1031, 1, 4, 19, 3, 8, '2026-02-10');
INSERT INTO public.lesson (id, duration_id, study_subject_id, group_id, lecturer_id, class_room_id, date) VALUES (1032, 2, 3, 19, 5, 43, '2026-02-10');
INSERT INTO public.lesson (id, duration_id, study_subject_id, group_id, lecturer_id, class_room_id, date) VALUES (1033, 4, 2, 19, 6, 12, '2026-02-10');
INSERT INTO public.lesson (id, duration_id, study_subject_id, group_id, lecturer_id, class_room_id, date) VALUES (1034, 4, 1, 19, 7, 12, '2026-02-11');
INSERT INTO public.lesson (id, duration_id, study_subject_id, group_id, lecturer_id, class_room_id, date) VALUES (1035, 5, 10, 19, 8, 7, '2026-02-11');
INSERT INTO public.lesson (id, duration_id, study_subject_id, group_id, lecturer_id, class_room_id, date) VALUES (1036, 1, 6, 19, 1, 8, '2026-02-11');
INSERT INTO public.lesson (id, duration_id, study_subject_id, group_id, lecturer_id, class_room_id, date) VALUES (1037, 2, 7, 19, 10, 41, '2026-02-11');
INSERT INTO public.lesson (id, duration_id, study_subject_id, group_id, lecturer_id, class_room_id, date) VALUES (1038, 1, 2, 19, 8, 41, '2026-02-12');
INSERT INTO public.lesson (id, duration_id, study_subject_id, group_id, lecturer_id, class_room_id, date) VALUES (1039, 3, 7, 19, 10, 46, '2026-02-12');
INSERT INTO public.lesson (id, duration_id, study_subject_id, group_id, lecturer_id, class_room_id, date) VALUES (1040, 6, 3, 19, 10, 9, '2026-02-13');
INSERT INTO public.lesson (id, duration_id, study_subject_id, group_id, lecturer_id, class_room_id, date) VALUES (1041, 1, 5, 19, 6, 26, '2026-02-13');
INSERT INTO public.lesson (id, duration_id, study_subject_id, group_id, lecturer_id, class_room_id, date) VALUES (1042, 6, 5, 19, 6, 2, '2026-02-16');
INSERT INTO public.lesson (id, duration_id, study_subject_id, group_id, lecturer_id, class_room_id, date) VALUES (1043, 2, 8, 19, 7, 18, '2026-02-16');
INSERT INTO public.lesson (id, duration_id, study_subject_id, group_id, lecturer_id, class_room_id, date) VALUES (1044, 4, 5, 19, 10, 1, '2026-02-16');
INSERT INTO public.lesson (id, duration_id, study_subject_id, group_id, lecturer_id, class_room_id, date) VALUES (1045, 6, 4, 20, 3, 18, '2026-01-20');
INSERT INTO public.lesson (id, duration_id, study_subject_id, group_id, lecturer_id, class_room_id, date) VALUES (1046, 4, 3, 20, 1, 19, '2026-01-20');
INSERT INTO public.lesson (id, duration_id, study_subject_id, group_id, lecturer_id, class_room_id, date) VALUES (1047, 6, 1, 20, 7, 31, '2026-01-21');
INSERT INTO public.lesson (id, duration_id, study_subject_id, group_id, lecturer_id, class_room_id, date) VALUES (1048, 3, 5, 20, 10, 9, '2026-01-21');
INSERT INTO public.lesson (id, duration_id, study_subject_id, group_id, lecturer_id, class_room_id, date) VALUES (1049, 2, 9, 20, 3, 43, '2026-01-21');
INSERT INTO public.lesson (id, duration_id, study_subject_id, group_id, lecturer_id, class_room_id, date) VALUES (1050, 1, 2, 20, 6, 35, '2026-01-22');
INSERT INTO public.lesson (id, duration_id, study_subject_id, group_id, lecturer_id, class_room_id, date) VALUES (1051, 3, 1, 20, 7, 15, '2026-01-22');
INSERT INTO public.lesson (id, duration_id, study_subject_id, group_id, lecturer_id, class_room_id, date) VALUES (1052, 2, 6, 20, 1, 24, '2026-01-22');
INSERT INTO public.lesson (id, duration_id, study_subject_id, group_id, lecturer_id, class_room_id, date) VALUES (1053, 5, 4, 20, 3, 8, '2026-01-23');
INSERT INTO public.lesson (id, duration_id, study_subject_id, group_id, lecturer_id, class_room_id, date) VALUES (1054, 1, 7, 20, 10, 5, '2026-01-23');
INSERT INTO public.lesson (id, duration_id, study_subject_id, group_id, lecturer_id, class_room_id, date) VALUES (1055, 4, 10, 20, 8, 21, '2026-01-23');
INSERT INTO public.lesson (id, duration_id, study_subject_id, group_id, lecturer_id, class_room_id, date) VALUES (1056, 2, 10, 20, 8, 6, '2026-01-26');
INSERT INTO public.lesson (id, duration_id, study_subject_id, group_id, lecturer_id, class_room_id, date) VALUES (1057, 1, 1, 20, 7, 45, '2026-01-26');
INSERT INTO public.lesson (id, duration_id, study_subject_id, group_id, lecturer_id, class_room_id, date) VALUES (1058, 1, 3, 20, 1, 3, '2026-01-27');
INSERT INTO public.lesson (id, duration_id, study_subject_id, group_id, lecturer_id, class_room_id, date) VALUES (1059, 4, 1, 20, 7, 32, '2026-01-27');
INSERT INTO public.lesson (id, duration_id, study_subject_id, group_id, lecturer_id, class_room_id, date) VALUES (1060, 6, 8, 20, 5, 5, '2026-01-27');
INSERT INTO public.lesson (id, duration_id, study_subject_id, group_id, lecturer_id, class_room_id, date) VALUES (1061, 3, 10, 20, 8, 5, '2026-01-28');
INSERT INTO public.lesson (id, duration_id, study_subject_id, group_id, lecturer_id, class_room_id, date) VALUES (1062, 6, 8, 20, 5, 28, '2026-01-28');
INSERT INTO public.lesson (id, duration_id, study_subject_id, group_id, lecturer_id, class_room_id, date) VALUES (1063, 2, 2, 20, 6, 40, '2026-01-28');
INSERT INTO public.lesson (id, duration_id, study_subject_id, group_id, lecturer_id, class_room_id, date) VALUES (1064, 6, 3, 20, 1, 41, '2026-01-29');
INSERT INTO public.lesson (id, duration_id, study_subject_id, group_id, lecturer_id, class_room_id, date) VALUES (1065, 2, 3, 20, 5, 39, '2026-01-29');
INSERT INTO public.lesson (id, duration_id, study_subject_id, group_id, lecturer_id, class_room_id, date) VALUES (1066, 6, 8, 20, 5, 31, '2026-01-30');
INSERT INTO public.lesson (id, duration_id, study_subject_id, group_id, lecturer_id, class_room_id, date) VALUES (1067, 4, 2, 20, 6, 18, '2026-01-30');
INSERT INTO public.lesson (id, duration_id, study_subject_id, group_id, lecturer_id, class_room_id, date) VALUES (1068, 3, 4, 20, 3, 4, '2026-02-02');
INSERT INTO public.lesson (id, duration_id, study_subject_id, group_id, lecturer_id, class_room_id, date) VALUES (1069, 4, 5, 20, 10, 23, '2026-02-02');
INSERT INTO public.lesson (id, duration_id, study_subject_id, group_id, lecturer_id, class_room_id, date) VALUES (1070, 2, 8, 20, 5, 38, '2026-02-02');
INSERT INTO public.lesson (id, duration_id, study_subject_id, group_id, lecturer_id, class_room_id, date) VALUES (1071, 6, 5, 20, 6, 12, '2026-02-02');
INSERT INTO public.lesson (id, duration_id, study_subject_id, group_id, lecturer_id, class_room_id, date) VALUES (1072, 5, 9, 20, 3, 10, '2026-02-03');
INSERT INTO public.lesson (id, duration_id, study_subject_id, group_id, lecturer_id, class_room_id, date) VALUES (1073, 4, 3, 20, 1, 3, '2026-02-03');
INSERT INTO public.lesson (id, duration_id, study_subject_id, group_id, lecturer_id, class_room_id, date) VALUES (1074, 2, 6, 20, 7, 44, '2026-02-04');
INSERT INTO public.lesson (id, duration_id, study_subject_id, group_id, lecturer_id, class_room_id, date) VALUES (1075, 4, 2, 20, 6, 25, '2026-02-04');
INSERT INTO public.lesson (id, duration_id, study_subject_id, group_id, lecturer_id, class_room_id, date) VALUES (1076, 1, 4, 20, 3, 27, '2026-02-05');
INSERT INTO public.lesson (id, duration_id, study_subject_id, group_id, lecturer_id, class_room_id, date) VALUES (1077, 4, 9, 20, 5, 19, '2026-02-05');
INSERT INTO public.lesson (id, duration_id, study_subject_id, group_id, lecturer_id, class_room_id, date) VALUES (1078, 3, 2, 20, 8, 50, '2026-02-05');
INSERT INTO public.lesson (id, duration_id, study_subject_id, group_id, lecturer_id, class_room_id, date) VALUES (1079, 4, 7, 20, 10, 29, '2026-02-06');
INSERT INTO public.lesson (id, duration_id, study_subject_id, group_id, lecturer_id, class_room_id, date) VALUES (1080, 2, 6, 20, 7, 21, '2026-02-06');
INSERT INTO public.lesson (id, duration_id, study_subject_id, group_id, lecturer_id, class_room_id, date) VALUES (1081, 6, 4, 20, 3, 22, '2026-02-06');
INSERT INTO public.lesson (id, duration_id, study_subject_id, group_id, lecturer_id, class_room_id, date) VALUES (1082, 1, 9, 20, 5, 50, '2026-02-06');
INSERT INTO public.lesson (id, duration_id, study_subject_id, group_id, lecturer_id, class_room_id, date) VALUES (1083, 2, 5, 20, 6, 7, '2026-02-09');
INSERT INTO public.lesson (id, duration_id, study_subject_id, group_id, lecturer_id, class_room_id, date) VALUES (1084, 1, 8, 20, 7, 42, '2026-02-09');
INSERT INTO public.lesson (id, duration_id, study_subject_id, group_id, lecturer_id, class_room_id, date) VALUES (1085, 1, 9, 20, 5, 24, '2026-02-10');
INSERT INTO public.lesson (id, duration_id, study_subject_id, group_id, lecturer_id, class_room_id, date) VALUES (1086, 3, 1, 20, 7, 18, '2026-02-10');
INSERT INTO public.lesson (id, duration_id, study_subject_id, group_id, lecturer_id, class_room_id, date) VALUES (1087, 5, 1, 20, 7, 1, '2026-02-11');
INSERT INTO public.lesson (id, duration_id, study_subject_id, group_id, lecturer_id, class_room_id, date) VALUES (1088, 6, 4, 20, 3, 19, '2026-02-11');
INSERT INTO public.lesson (id, duration_id, study_subject_id, group_id, lecturer_id, class_room_id, date) VALUES (1089, 2, 8, 20, 5, 4, '2026-02-11');
INSERT INTO public.lesson (id, duration_id, study_subject_id, group_id, lecturer_id, class_room_id, date) VALUES (1090, 4, 3, 20, 5, 1, '2026-02-12');
INSERT INTO public.lesson (id, duration_id, study_subject_id, group_id, lecturer_id, class_room_id, date) VALUES (1091, 3, 1, 20, 7, 3, '2026-02-12');
INSERT INTO public.lesson (id, duration_id, study_subject_id, group_id, lecturer_id, class_room_id, date) VALUES (1092, 1, 5, 20, 10, 12, '2026-02-13');
INSERT INTO public.lesson (id, duration_id, study_subject_id, group_id, lecturer_id, class_room_id, date) VALUES (1093, 2, 5, 20, 6, 16, '2026-02-13');
INSERT INTO public.lesson (id, duration_id, study_subject_id, group_id, lecturer_id, class_room_id, date) VALUES (1094, 6, 8, 20, 5, 6, '2026-02-13');
INSERT INTO public.lesson (id, duration_id, study_subject_id, group_id, lecturer_id, class_room_id, date) VALUES (1095, 6, 8, 20, 7, 45, '2026-02-16');
INSERT INTO public.lesson (id, duration_id, study_subject_id, group_id, lecturer_id, class_room_id, date) VALUES (1096, 1, 7, 20, 10, 30, '2026-02-16');


--
-- Data for Name: lesson_duration; Type: TABLE DATA; Schema: public; Owner: postgres
--



--
-- Data for Name: student; Type: TABLE DATA; Schema: public; Owner: postgres
--

INSERT INTO public.student (id, group_id, degree) VALUES (14, 1, 'Master');
INSERT INTO public.student (id, group_id, degree) VALUES (15, 4, 'Bachelor');
INSERT INTO public.student (id, group_id, degree) VALUES (16, 5, 'Bachelor');
INSERT INTO public.student (id, group_id, degree) VALUES (17, 1, 'Master');
INSERT INTO public.student (id, group_id, degree) VALUES (18, 2, 'Bachelor');
INSERT INTO public.student (id, group_id, degree) VALUES (19, 4, 'Bachelor');
INSERT INTO public.student (id, group_id, degree) VALUES (20, 2, 'Doctoral');
INSERT INTO public.student (id, group_id, degree) VALUES (21, 6, 'Master');
INSERT INTO public.student (id, group_id, degree) VALUES (22, 1, 'Master');
INSERT INTO public.student (id, group_id, degree) VALUES (23, 4, 'Doctoral');
INSERT INTO public.student (id, group_id, degree) VALUES (24, 2, 'Master');
INSERT INTO public.student (id, group_id, degree) VALUES (25, 3, 'Bachelor');
INSERT INTO public.student (id, group_id, degree) VALUES (26, 6, 'Doctoral');
INSERT INTO public.student (id, group_id, degree) VALUES (27, 4, 'Master');
INSERT INTO public.student (id, group_id, degree) VALUES (28, 3, 'Master');
INSERT INTO public.student (id, group_id, degree) VALUES (29, 4, 'Master');
INSERT INTO public.student (id, group_id, degree) VALUES (30, 6, 'Bachelor');
INSERT INTO public.student (id, group_id, degree) VALUES (31, 6, 'Doctoral');
INSERT INTO public.student (id, group_id, degree) VALUES (32, 3, 'Bachelor');
INSERT INTO public.student (id, group_id, degree) VALUES (33, 6, 'Master');
INSERT INTO public.student (id, group_id, degree) VALUES (34, 4, 'Bachelor');
INSERT INTO public.student (id, group_id, degree) VALUES (35, 6, 'Doctoral');
INSERT INTO public.student (id, group_id, degree) VALUES (36, 6, 'Master');
INSERT INTO public.student (id, group_id, degree) VALUES (37, 1, 'Master');
INSERT INTO public.student (id, group_id, degree) VALUES (38, 6, 'Doctoral');
INSERT INTO public.student (id, group_id, degree) VALUES (39, 5, 'Bachelor');
INSERT INTO public.student (id, group_id, degree) VALUES (40, 3, 'Bachelor');
INSERT INTO public.student (id, group_id, degree) VALUES (41, 4, 'Bachelor');
INSERT INTO public.student (id, group_id, degree) VALUES (42, 6, 'Bachelor');
INSERT INTO public.student (id, group_id, degree) VALUES (43, 5, 'Bachelor');
INSERT INTO public.student (id, group_id, degree) VALUES (44, 2, 'Bachelor');
INSERT INTO public.student (id, group_id, degree) VALUES (45, 2, 'Doctoral');
INSERT INTO public.student (id, group_id, degree) VALUES (46, 6, 'Master');
INSERT INTO public.student (id, group_id, degree) VALUES (47, 2, 'Bachelor');
INSERT INTO public.student (id, group_id, degree) VALUES (48, 7, 'Doctoral');
INSERT INTO public.student (id, group_id, degree) VALUES (49, 4, 'Bachelor');
INSERT INTO public.student (id, group_id, degree) VALUES (50, 4, 'Bachelor');
INSERT INTO public.student (id, group_id, degree) VALUES (51, 7, 'Master');
INSERT INTO public.student (id, group_id, degree) VALUES (52, 4, 'Bachelor');
INSERT INTO public.student (id, group_id, degree) VALUES (53, 5, 'Bachelor');
INSERT INTO public.student (id, group_id, degree) VALUES (54, 1, 'Master');
INSERT INTO public.student (id, group_id, degree) VALUES (55, 1, 'Doctoral');
INSERT INTO public.student (id, group_id, degree) VALUES (56, 3, 'Bachelor');
INSERT INTO public.student (id, group_id, degree) VALUES (57, 6, 'Doctoral');
INSERT INTO public.student (id, group_id, degree) VALUES (58, 6, 'Master');
INSERT INTO public.student (id, group_id, degree) VALUES (59, 5, 'Bachelor');
INSERT INTO public.student (id, group_id, degree) VALUES (60, 2, 'Bachelor');
INSERT INTO public.student (id, group_id, degree) VALUES (61, 4, 'Bachelor');
INSERT INTO public.student (id, group_id, degree) VALUES (62, 5, 'Bachelor');
INSERT INTO public.student (id, group_id, degree) VALUES (63, 4, 'Master');
INSERT INTO public.student (id, group_id, degree) VALUES (64, 3, 'Doctoral');
INSERT INTO public.student (id, group_id, degree) VALUES (65, 1, 'Bachelor');
INSERT INTO public.student (id, group_id, degree) VALUES (66, 1, 'Doctoral');
INSERT INTO public.student (id, group_id, degree) VALUES (67, 2, 'Bachelor');
INSERT INTO public.student (id, group_id, degree) VALUES (68, 2, 'Bachelor');
INSERT INTO public.student (id, group_id, degree) VALUES (69, 3, 'Doctoral');
INSERT INTO public.student (id, group_id, degree) VALUES (70, 5, 'Master');
INSERT INTO public.student (id, group_id, degree) VALUES (71, 3, 'Master');
INSERT INTO public.student (id, group_id, degree) VALUES (72, 3, 'Bachelor');
INSERT INTO public.student (id, group_id, degree) VALUES (73, 1, 'Master');
INSERT INTO public.student (id, group_id, degree) VALUES (74, 5, 'Master');
INSERT INTO public.student (id, group_id, degree) VALUES (75, 5, 'Master');
INSERT INTO public.student (id, group_id, degree) VALUES (76, 6, 'Bachelor');
INSERT INTO public.student (id, group_id, degree) VALUES (77, 5, 'Master');
INSERT INTO public.student (id, group_id, degree) VALUES (78, 5, 'Doctoral');
INSERT INTO public.student (id, group_id, degree) VALUES (79, 2, 'Bachelor');
INSERT INTO public.student (id, group_id, degree) VALUES (80, 3, 'Bachelor');
INSERT INTO public.student (id, group_id, degree) VALUES (81, 1, 'Doctoral');
INSERT INTO public.student (id, group_id, degree) VALUES (82, 2, 'Master');
INSERT INTO public.student (id, group_id, degree) VALUES (83, 2, 'Master');
INSERT INTO public.student (id, group_id, degree) VALUES (84, 1, 'Bachelor');
INSERT INTO public.student (id, group_id, degree) VALUES (85, 4, 'Master');
INSERT INTO public.student (id, group_id, degree) VALUES (86, 5, 'Master');
INSERT INTO public.student (id, group_id, degree) VALUES (87, 1, 'Doctoral');
INSERT INTO public.student (id, group_id, degree) VALUES (88, 2, 'Doctoral');
INSERT INTO public.student (id, group_id, degree) VALUES (89, 5, 'Doctoral');
INSERT INTO public.student (id, group_id, degree) VALUES (90, 3, 'Bachelor');
INSERT INTO public.student (id, group_id, degree) VALUES (91, 4, 'Master');
INSERT INTO public.student (id, group_id, degree) VALUES (92, 1, 'Doctoral');
INSERT INTO public.student (id, group_id, degree) VALUES (93, 4, 'Doctoral');
INSERT INTO public.student (id, group_id, degree) VALUES (94, 3, 'Bachelor');
INSERT INTO public.student (id, group_id, degree) VALUES (95, 7, 'Doctoral');
INSERT INTO public.student (id, group_id, degree) VALUES (96, 3, 'Master');
INSERT INTO public.student (id, group_id, degree) VALUES (97, 1, 'Bachelor');
INSERT INTO public.student (id, group_id, degree) VALUES (98, 2, 'Bachelor');
INSERT INTO public.student (id, group_id, degree) VALUES (99, 3, 'Master');
INSERT INTO public.student (id, group_id, degree) VALUES (100, 1, 'Master');
INSERT INTO public.student (id, group_id, degree) VALUES (101, 5, 'Doctoral');
INSERT INTO public.student (id, group_id, degree) VALUES (102, 2, 'Bachelor');
INSERT INTO public.student (id, group_id, degree) VALUES (103, 7, 'Master');
INSERT INTO public.student (id, group_id, degree) VALUES (104, 6, 'Bachelor');
INSERT INTO public.student (id, group_id, degree) VALUES (105, 1, 'Bachelor');
INSERT INTO public.student (id, group_id, degree) VALUES (106, 2, 'Master');
INSERT INTO public.student (id, group_id, degree) VALUES (107, 1, 'Bachelor');
INSERT INTO public.student (id, group_id, degree) VALUES (108, 6, 'Master');
INSERT INTO public.student (id, group_id, degree) VALUES (109, 2, 'Bachelor');
INSERT INTO public.student (id, group_id, degree) VALUES (110, 3, 'Master');
INSERT INTO public.student (id, group_id, degree) VALUES (111, 4, 'Master');
INSERT INTO public.student (id, group_id, degree) VALUES (112, 6, 'Master');
INSERT INTO public.student (id, group_id, degree) VALUES (113, 2, 'Doctoral');
INSERT INTO public.student (id, group_id, degree) VALUES (114, 4, 'Master');
INSERT INTO public.student (id, group_id, degree) VALUES (115, 1, 'Bachelor');
INSERT INTO public.student (id, group_id, degree) VALUES (116, 4, 'Master');
INSERT INTO public.student (id, group_id, degree) VALUES (117, 6, 'Doctoral');
INSERT INTO public.student (id, group_id, degree) VALUES (118, 4, 'Master');
INSERT INTO public.student (id, group_id, degree) VALUES (119, 6, 'Doctoral');
INSERT INTO public.student (id, group_id, degree) VALUES (120, 1, 'Master');
INSERT INTO public.student (id, group_id, degree) VALUES (121, 6, 'Master');
INSERT INTO public.student (id, group_id, degree) VALUES (122, 4, 'Doctoral');
INSERT INTO public.student (id, group_id, degree) VALUES (123, 3, 'Master');
INSERT INTO public.student (id, group_id, degree) VALUES (124, 2, 'Master');
INSERT INTO public.student (id, group_id, degree) VALUES (125, 5, 'Master');
INSERT INTO public.student (id, group_id, degree) VALUES (126, 4, 'Doctoral');
INSERT INTO public.student (id, group_id, degree) VALUES (127, 5, 'Master');
INSERT INTO public.student (id, group_id, degree) VALUES (128, 1, 'Bachelor');
INSERT INTO public.student (id, group_id, degree) VALUES (129, 6, 'Master');
INSERT INTO public.student (id, group_id, degree) VALUES (130, 6, 'Master');
INSERT INTO public.student (id, group_id, degree) VALUES (131, 7, 'Master');
INSERT INTO public.student (id, group_id, degree) VALUES (132, 3, 'Bachelor');
INSERT INTO public.student (id, group_id, degree) VALUES (133, 4, 'Doctoral');
INSERT INTO public.student (id, group_id, degree) VALUES (134, 6, 'Bachelor');
INSERT INTO public.student (id, group_id, degree) VALUES (135, 6, 'Master');
INSERT INTO public.student (id, group_id, degree) VALUES (136, 5, 'Bachelor');
INSERT INTO public.student (id, group_id, degree) VALUES (137, 1, 'Bachelor');
INSERT INTO public.student (id, group_id, degree) VALUES (138, 1, 'Bachelor');
INSERT INTO public.student (id, group_id, degree) VALUES (139, 1, 'Bachelor');
INSERT INTO public.student (id, group_id, degree) VALUES (140, 4, 'Master');
INSERT INTO public.student (id, group_id, degree) VALUES (141, 2, 'Doctoral');
INSERT INTO public.student (id, group_id, degree) VALUES (142, 4, 'Doctoral');
INSERT INTO public.student (id, group_id, degree) VALUES (143, 4, 'Doctoral');
INSERT INTO public.student (id, group_id, degree) VALUES (144, 5, 'Bachelor');
INSERT INTO public.student (id, group_id, degree) VALUES (145, 3, 'Bachelor');
INSERT INTO public.student (id, group_id, degree) VALUES (146, 4, 'Doctoral');
INSERT INTO public.student (id, group_id, degree) VALUES (147, 1, 'Bachelor');
INSERT INTO public.student (id, group_id, degree) VALUES (148, 1, 'Doctoral');
INSERT INTO public.student (id, group_id, degree) VALUES (149, 2, 'Doctoral');
INSERT INTO public.student (id, group_id, degree) VALUES (150, 4, 'Doctoral');
INSERT INTO public.student (id, group_id, degree) VALUES (151, 5, 'Bachelor');
INSERT INTO public.student (id, group_id, degree) VALUES (152, 4, 'Master');
INSERT INTO public.student (id, group_id, degree) VALUES (153, 5, 'Doctoral');
INSERT INTO public.student (id, group_id, degree) VALUES (154, 7, 'Master');
INSERT INTO public.student (id, group_id, degree) VALUES (155, 2, 'Bachelor');
INSERT INTO public.student (id, group_id, degree) VALUES (156, 5, 'Bachelor');
INSERT INTO public.student (id, group_id, degree) VALUES (157, 1, 'Doctoral');
INSERT INTO public.student (id, group_id, degree) VALUES (158, 6, 'Bachelor');
INSERT INTO public.student (id, group_id, degree) VALUES (159, 2, 'Doctoral');
INSERT INTO public.student (id, group_id, degree) VALUES (160, 2, 'Doctoral');
INSERT INTO public.student (id, group_id, degree) VALUES (161, 3, 'Bachelor');
INSERT INTO public.student (id, group_id, degree) VALUES (162, 2, 'Master');
INSERT INTO public.student (id, group_id, degree) VALUES (163, 3, 'Master');


--
-- Name: address_id_seq; Type: SEQUENCE SET; Schema: public; Owner: postgres
--

SELECT pg_catalog.setval('public.address_id_seq', 160, true);


--
-- Name: class_room_id_seq; Type: SEQUENCE SET; Schema: public; Owner: postgres
--

SELECT pg_catalog.setval('public.class_room_id_seq', 50, true);


--
-- Name: class_room_type_id_seq; Type: SEQUENCE SET; Schema: public; Owner: postgres
--

SELECT pg_catalog.setval('public.class_room_type_id_seq', 15, true);


--
-- Name: duration_id_seq; Type: SEQUENCE SET; Schema: public; Owner: postgres
--

SELECT pg_catalog.setval('public.duration_id_seq', 6, true);


--
-- Name: group_id_seq; Type: SEQUENCE SET; Schema: public; Owner: postgres
--

SELECT pg_catalog.setval('public.group_id_seq', 20, true);


--
-- Name: lesson_id_seq; Type: SEQUENCE SET; Schema: public; Owner: postgres
--

SELECT pg_catalog.setval('public.lesson_id_seq', 1096, true);


--
-- Name: person_id_seq; Type: SEQUENCE SET; Schema: public; Owner: postgres
--

SELECT pg_catalog.setval('public.person_id_seq', 163, true);


--
-- Name: study_subject_id_seq; Type: SEQUENCE SET; Schema: public; Owner: postgres
--

SELECT pg_catalog.setval('public.study_subject_id_seq', 10, true);


--
-- PostgreSQL database dump complete
--
